,Id,IncomingTrackId,StartDate,EndDate,AddressStart,AddressFinish,Country,CityStart,RichTrackId,DeviceToken,StartLat,StartLon,FinishLat,FinishLon
0,1672505,3810920,2018-08-28 13:41:04.0000000 +03:00,2018-08-28 14:09:58.0000000 +03:00,"Лужнецкая набережная 2/4 стр 1, Хамовники, Москва, Россия","улица Миклухо-Маклая 40 корп 1, Коньково, Москва, Россия",Россия,Москва,1672505,5EE3A642-0254-415C-94D0-43272864C279,55.71337,37.56957,55.63885,37.53831
1,1675480,3818935,2018-08-29 08:32:06.0000000 +03:00,2018-08-29 09:11:35.0000000 +03:00,"улица Миклухо-Маклая 40 корп 1, Коньково, Москва, Россия","Лужнецкая набережная 2/4 стр 78, Хамовники, Москва, Россия",Россия,Москва,1675480,5EE3A642-0254-415C-94D0-43272864C279,55.63885,37.53831,55.71384,37.56898
2,1678304,3827544,2018-08-29 22:56:41.0000000 +03:00,2018-08-29 23:50:13.0000000 +03:00,"Профсоюзная улица, Коньково, Москва, Россия","улица Введенского, Коньково, Москва, Россия",Россия,Москва,1678304,5EE3A642-0254-415C-94D0-43272864C279,55.64321705611017,37.52730751413622,55.63901,37.53792
3,1679477,3830565,2018-08-30 08:23:09.0000000 +03:00,2018-08-30 09:05:11.0000000 +03:00,"улица Введенского, Коньково, Москва, Россия","Лужнецкая набережная 2/4 стр 71, Хамовники, Москва, Россия",Россия,Москва,1679477,5EE3A642-0254-415C-94D0-43272864C279,55.63901,37.53792,55.71377,37.57175
4,1681424,3835794,2018-08-30 16:53:33.0000000 +03:00,2018-08-30 16:59:14.0000000 +03:00,"улица Миклухо-Маклая 36 корп 1, Коньково, Москва, Россия","Профсоюзная улица 85 корп 1 стр 1, Коньково, Москва, Россия",Россия,Москва,1681424,5EE3A642-0254-415C-94D0-43272864C279,55.63921,37.53571,55.64403,37.52803
5,1682550,3838820,2018-08-30 22:52:22.0000000 +03:00,2018-08-30 23:55:16.0000000 +03:00,"проезд Апакова, Якиманка, Москва, Россия","улица Введенского, Коньково, Москва, Россия",Россия,Москва,1682550,5EE3A642-0254-415C-94D0-43272864C279,55.72759,37.61176,55.63899,37.53789
6,1683761,3842195,2018-08-31 08:25:15.0000000 +03:00,2018-08-31 09:05:05.0000000 +03:00,"улица Введенского, Коньково, Москва, Россия","Лужнецкая набережная 2/4 стр 17, Хамовники, Москва, Россия",Россия,Москва,1683761,5EE3A642-0254-415C-94D0-43272864C279,55.63899,37.53789,55.71325,37.57266
7,1718589,3939759,2018-09-08 12:08:27.0000000 +03:00,2018-09-08 12:25:11.0000000 +03:00,"Профсоюзная улица, Коньково, Москва, Россия","улица Миклухо-Маклая 40 корп 1, Коньково, Москва, Россия",Россия,Москва,1718589,5EE3A642-0254-415C-94D0-43272864C279,55.64349579630014,37.52724590714791,55.63886,37.5384
8,1718775,3940239,2018-09-08 12:39:08.0000000 +03:00,2018-09-08 13:09:15.0000000 +03:00,"улица Миклухо-Маклая 40 корп 1, Коньково, Москва, Россия","улица Кравченко 2, Ломоносовский, Москва, Россия",Россия,Москва,1718775,5EE3A642-0254-415C-94D0-43272864C279,55.63886,37.5384,55.67453,37.5238
9,1720230,3944310,2018-09-08 17:58:48.0000000 +03:00,2018-09-08 18:30:54.0000000 +03:00,"Калужская площадь 1 стр 7, Якиманка, Москва, Россия","Коньково, Москва, Россия",Россия,Москва,1720230,5EE3A642-0254-415C-94D0-43272864C279,55.7276,37.61118,55.6389,37.5386
10,1722201,3951396,2018-09-09 10:21:45.8290992 +03:00,2018-09-09 10:28:22.0000000 +03:00,"Профсоюзная улица, Коньково, Москва, Россия","Профсоюзная улица 29 корп 3, Черёмушки, Москва, Россия",Россия,Москва,1722201,5EE3A642-0254-415C-94D0-43272864C279,55.65479,37.53813,55.67274,37.5608
11,1722567,3952467,2018-09-09 11:54:50.0000000 +03:00,2018-09-09 12:00:00.0000000 +03:00,"Профсоюзная улица 29 корп 3, Черёмушки, Москва, Россия","проспект 60 лет Октября 21, Академический, Москва, Россия",Россия,Москва,1722567,5EE3A642-0254-415C-94D0-43272864C279,55.67274,37.5608,55.6923,37.57607
12,1724317,3957271,2018-09-09 18:16:56.0000000 +03:00,2018-09-09 18:37:29.0000000 +03:00,"Профсоюзная улица, Академический, Москва, Россия","улица Миклухо-Маклая 40 корп 1, Коньково, Москва, Россия",Россия,Москва,1724317,5EE3A642-0254-415C-94D0-43272864C279,55.681826197594106,37.56701418202144,55.63887,37.53845
13,1726239,3963043,2018-09-10 08:17:54.0000000 +03:00,2018-09-10 09:17:31.0000000 +03:00,"улица Миклухо-Маклая 40 корп 1, Коньково, Москва, Россия","Лужнецкая набережная 2/4 стр 46, Хамовники, Москва, Россия",Россия,Москва,1726239,5EE3A642-0254-415C-94D0-43272864C279,55.63887,37.53845,55.71349,37.56942
14,1727089,3965679,2018-09-10 12:41:57.0000000 +03:00,2018-09-10 12:49:12.0000000 +03:00,"Профсоюзная улица 60, Обручевский, Москва, Россия","улица Воронцовские Пруды 5, Обручевский, Москва, Россия",Россия,Москва,1727089,5EE3A642-0254-415C-94D0-43272864C279,55.668029417335674,37.55234912041347,55.6645,37.53494
15,1727489,3966709,2018-09-10 14:11:30.0000000 +03:00,2018-09-10 14:22:06.0000000 +03:00,"улица Воронцовские Пруды 5, Обручевский, Москва, Россия","улица Гарибальди 23 корп 1, Черёмушки, Москва, Россия",Россия,Москва,1727489,5EE3A642-0254-415C-94D0-43272864C279,55.6645,37.53494,55.67256,37.55362
16,1727859,3967639,2018-09-10 15:21:53.0000000 +03:00,2018-09-10 15:43:12.0000000 +03:00,"улица Гарибальди 23 корп 1, Черёмушки, Москва, Россия","Коньково, Москва, Россия",Россия,Москва,1727859,5EE3A642-0254-415C-94D0-43272864C279,55.67256,37.55362,55.63894,37.5388
17,1730690,3976044,2018-09-11 08:48:21.0000000 +03:00,2018-09-11 09:18:16.0000000 +03:00,"Ленинский проспект, Обручевский, Москва, Россия","Лужнецкая набережная 2/4 стр 71, Хамовники, Москва, Россия",Россия,Москва,1730690,5EE3A642-0254-415C-94D0-43272864C279,55.6683,37.51644,55.71375,37.57179
18,1753493,4044615,2018-09-16 11:38:36.0000000 +03:00,2018-09-16 11:43:25.0000000 +03:00,"Профсоюзная улица 29 корп 3, Черёмушки, Москва, Россия","Профсоюзная улица, Академический, Москва, Россия",Россия,Москва,1753493,5EE3A642-0254-415C-94D0-43272864C279,55.67247,37.56051,55.68529,37.57104
19,1754874,4049142,2018-09-16 17:14:52.0000000 +03:00,2018-09-16 17:35:07.0000000 +03:00,"Ленинский проспект, Якиманка, Москва, Россия","улица Миклухо-Маклая 57, Коньково, Москва, Россия",Россия,Москва,1754874,5EE3A642-0254-415C-94D0-43272864C279,55.711550074151724,37.58645389697583,55.64029,37.53386
20,1755818,4052131,2018-09-16 22:41:32.0000000 +03:00,2018-09-16 22:59:49.0000000 +03:00,"улица Липовый парк 9, Коммунарка, Москва, Россия","улица Миклухо-Маклая 40 корп 1, Коньково, Москва, Россия",Россия,Москва,1755818,5EE3A642-0254-415C-94D0-43272864C279,55.56712,37.48693,55.63887,37.53916
21,1757038,4056097,2018-09-17 08:21:57.0000000 +03:00,2018-09-17 09:07:51.0000000 +03:00,"улица Миклухо-Маклая 40 корп 1, Коньково, Москва, Россия","улица Ленинские Горы 1 стр 2, Раменки, Москва, Россия",Россия,Москва,1757038,5EE3A642-0254-415C-94D0-43272864C279,55.63887,37.53916,55.69899,37.52829
22,1757650,4057894,2018-09-17 10:31:51.0000000 +03:00,2018-09-17 11:39:01.0000000 +03:00,"улица Ленинские Горы 1 стр 51, Раменки, Москва, Россия","Лужнецкая набережная 2/4 стр 73, Хамовники, Москва, Россия",Россия,Москва,1757650,5EE3A642-0254-415C-94D0-43272864C279,55.69814559543104,37.537876088207156,55.71355,37.57215
23,1758961,4061773,2018-09-17 16:18:08.0000000 +03:00,2018-09-17 16:44:22.0000000 +03:00,"Лужнецкая набережная 2/4 стр 4, Хамовники, Москва, Россия","Профсоюзная улица 80 корп 1, Обручевский, Москва, Россия",Россия,Москва,1758961,5EE3A642-0254-415C-94D0-43272864C279,55.71574314968261,37.57377938370926,55.65769,37.54106
24,1759044,4062064,2018-09-17 16:33:20.0000000 +03:00,2018-09-17 16:56:11.0000000 +03:00,"Профсоюзная улица 8, Академический, Москва, Россия","Коньково, Москва, Россия",Россия,Москва,1759044,5EE3A642-0254-415C-94D0-43272864C279,55.68565831990511,37.57109038535279,55.6389,37.53858
25,1763438,4075486,2018-09-18 16:10:24.0000000 +03:00,2018-09-18 16:47:27.0000000 +03:00,"Лужнецкая набережная 2/4 стр 46, Хамовники, Москва, Россия","улица Миклухо-Маклая 40 корп 1, Коньково, Москва, Россия",Россия,Москва,1763438,5EE3A642-0254-415C-94D0-43272864C279,55.71343,37.56949,55.63888,37.53846
26,1766122,4084170,2018-09-19 09:32:11.0000000 +03:00,2018-09-19 10:19:27.0000000 +03:00,"улица Введенского, Коньково, Москва, Россия","Лужнецкая набережная 2/4 стр 17, Хамовники, Москва, Россия",Россия,Москва,1766122,5EE3A642-0254-415C-94D0-43272864C279,55.642875703103506,37.541436217760236,55.71345,37.57323
27,1767141,4087503,2018-09-19 13:47:03.6342606 +03:00,2018-09-19 14:32:26.0000000 +03:00,"Профсоюзная улица, Академический, Москва, Россия","Коньково, Москва, Россия",Россия,Москва,1767141,5EE3A642-0254-415C-94D0-43272864C279,55.68345,37.56859,55.6392,37.53817
28,1767874,4089738,2018-09-19 17:16:58.0000000 +03:00,2018-09-19 17:26:52.0000000 +03:00,"Коньково, Москва, Россия","Коньково, Москва, Россия",Россия,Москва,1767874,5EE3A642-0254-415C-94D0-43272864C279,55.6392,37.53817,55.6389,37.5386
29,1824650,4142114,2018-09-23 10:04:59.0000000 +03:00,2018-09-23 11:08:01.0000000 +03:00,"Москва, Россия","Профсоюзная улица 29 корп 3, Черёмушки, Москва, Россия",Россия,Москва,1824650,5EE3A642-0254-415C-94D0-43272864C279,55.38345,37.36317,55.67278,37.56084
30,1825837,4177763,2018-09-25 18:32:59.0000000 +03:00,2018-09-25 19:37:32.0000000 +03:00,"Ленинский проспект, Проспект Вернадского, Москва, Россия","Кантемировская улица 12 корп 1, Москворечье-Сабурово, Москва, Россия",Россия,Москва,1825837,5EE3A642-0254-415C-94D0-43272864C279,55.66454,37.5104,55.6383,37.67233
31,1827772,4184655,2018-09-26 09:47:56.0000000 +03:00,2018-09-26 10:25:59.0000000 +03:00,"улица Миклухо-Маклая 40 корп 1, Коньково, Москва, Россия","проспект Вернадского, Проспект Вернадского, Москва, Россия",Россия,Москва,1827772,5EE3A642-0254-415C-94D0-43272864C279,55.63893,37.53893,55.67741,37.50766
32,1828519,4187463,2018-09-26 13:04:14.0000000 +03:00,2018-09-26 13:24:05.0000000 +03:00,"улица Ленинские Горы 1 стр 2А, Раменки, Москва, Россия","Лужнецкая набережная 2/4 стр 17, Хамовники, Москва, Россия",Россия,Москва,1828519,5EE3A642-0254-415C-94D0-43272864C279,55.69949,37.53114,55.71325,37.57266
33,1830105,4193573,2018-09-26 19:39:00.0000000 +03:00,2018-09-26 20:00:50.0000000 +03:00,"Соловьиный проезд 20, Ясенево, Москва, Россия","улица Миклухо-Маклая 40 корп 1, Коньково, Москва, Россия",Россия,Москва,1830105,5EE3A642-0254-415C-94D0-43272864C279,55.60441,37.55451,55.63874,37.53814
34,1831600,4198643,2018-09-27 08:22:56.0000000 +03:00,2018-09-27 08:57:34.0000000 +03:00,"улица Миклухо-Маклая 40 корп 1, Коньково, Москва, Россия","проспект 60 лет Октября 29, Академический, Москва, Россия",Россия,Москва,1831600,5EE3A642-0254-415C-94D0-43272864C279,55.63874,37.53814,55.68929,37.57501
35,1831719,4199107,2018-09-27 08:57:34.0000000 +03:00,2018-09-27 09:18:55.0000000 +03:00,"проспект 60 лет Октября 29, Академический, Москва, Россия","Лужнецкая набережная 2/4 стр 59, Хамовники, Москва, Россия",Россия,Москва,1831719,5EE3A642-0254-415C-94D0-43272864C279,55.68929,37.57501,55.71387,37.57157
36,1834118,4207076,2018-09-27 18:54:11.0000000 +03:00,2018-09-27 18:58:21.0000000 +03:00,"Ломоносовский проспект, Раменки, Москва, Россия","площадь Джавахарлала Неру 1, Раменки, Москва, Россия",Россия,Москва,1834118,5EE3A642-0254-415C-94D0-43272864C279,55.696701225876524,37.529990896617555,55.69397,37.53384
37,1834158,4207219,2018-09-27 19:00:40.0000000 +03:00,2018-09-27 19:05:07.0000000 +03:00,"площадь Джавахарлала Неру 1, Раменки, Москва, Россия","улица Лужники 24 стр 35, Хамовники, Москва, Россия",Россия,Москва,1834158,5EE3A642-0254-415C-94D0-43272864C279,55.69397,37.53384,55.71418,37.56461
38,1834651,4208923,2018-09-27 22:07:11.0000000 +03:00,2018-09-27 22:48:29.0000000 +03:00,"улица Лужники 24 стр 35, Хамовники, Москва, Россия","улица Миклухо-Маклая 40 корп 1, Коньково, Москва, Россия",Россия,Москва,1834651,5EE3A642-0254-415C-94D0-43272864C279,55.71418,37.56461,55.63822,37.53828
39,1839121,4223741,2018-09-28 23:17:55.0000000 +03:00,2018-09-28 23:44:54.0000000 +03:00,"Ленинский проспект, Якиманка, Москва, Россия","улица Введенского, Коньково, Москва, Россия",Россия,Москва,1839121,5EE3A642-0254-415C-94D0-43272864C279,55.72469032264962,37.605580590301535,55.63897,37.53785
40,1841125,4230403,2018-09-29 12:39:46.0000000 +03:00,2018-09-29 13:04:52.0000000 +03:00,"улица Введенского, Коньково, Москва, Россия","улица Марии Ульяновой 3 корп 3, Ломоносовский, Москва, Россия",Россия,Москва,1841125,5EE3A642-0254-415C-94D0-43272864C279,55.63897,37.53785,55.67799,37.52455
41,1841618,4232340,2018-09-29 14:46:25.0000000 +03:00,2018-09-29 15:05:48.0000000 +03:00,"Ленинский проспект, Проспект Вернадского, Москва, Россия","улица Миклухо-Маклая 40 корп 1, Коньково, Москва, Россия",Россия,Москва,1841618,5EE3A642-0254-415C-94D0-43272864C279,55.666607993241236,37.513519468469525,55.63883,37.53822
42,1875179,4323080,2018-10-05 23:31:30.0000000 +03:00,2018-10-05 23:43:37.0000000 +03:00,"Профсоюзная улица 39, Черёмушки, Москва, Россия","Коньково, Москва, Россия",Россия,Москва,1875179,5EE3A642-0254-415C-94D0-43272864C279,55.67092360468178,37.55518337715189,55.63889,37.53853
43,1879106,4329643,2018-10-06 12:27:18.0000000 +03:00,2018-10-06 12:57:13.0000000 +03:00,"Коньково, Москва, Россия","Ленинский проспект 88 корп 3, Ломоносовский, Москва, Россия",Россия,Москва,1879106,5EE3A642-0254-415C-94D0-43272864C279,55.63889,37.53853,55.67767,37.52517
44,1880224,4331405,2018-10-06 14:37:35.0000000 +03:00,2018-10-06 14:53:46.0000000 +03:00,"Ленинский проспект 88 корп 3, Ломоносовский, Москва, Россия","Ленинский проспект 11 стр 3, Якиманка, Москва, Россия",Россия,Москва,1880224,5EE3A642-0254-415C-94D0-43272864C279,55.67767,37.52517,55.7224,37.60478
45,1905218,4372612,2018-10-09 13:32:38.0000000 +03:00,2018-10-09 13:41:17.0000000 +03:00,"улица Миклухо-Маклая 30, Коньково, Москва, Россия","улица Миклухо-Маклая 40, Коньково, Москва, Россия",Россия,Москва,1905218,5EE3A642-0254-415C-94D0-43272864C279,55.64192,37.52865,55.6388,37.53943
46,1908402,4377713,2018-10-09 18:40:19.0000000 +03:00,2018-10-09 19:30:41.0000000 +03:00,"улица Марии Ульяновой 3 корп 3, Ломоносовский, Москва, Россия","Кантемировская улица 12 корп 1, Москворечье-Сабурово, Москва, Россия",Россия,Москва,1908402,5EE3A642-0254-415C-94D0-43272864C279,55.67796,37.52459,55.63831,37.67216
47,1912817,4384755,2018-10-10 09:35:24.0000000 +03:00,2018-10-10 10:20:20.0000000 +03:00,"улица Миклухо-Маклая 40, Коньково, Москва, Россия","улица Колмогорова 1, Раменки, Москва, Россия",Россия,Москва,1912817,5EE3A642-0254-415C-94D0-43272864C279,55.63879,37.54034,55.69965,37.5271
48,1948286,4456847,2018-10-14 17:46:45.0000000 +03:00,2018-10-14 18:11:25.0000000 +03:00,"Ленинский проспект 33, Донской, Москва, Россия","улица Миклухо-Маклая 40, Коньково, Москва, Россия",Россия,Москва,1948286,5EE3A642-0254-415C-94D0-43272864C279,55.71256,37.58819,55.63877,37.53941
49,1948991,4459449,2018-10-14 23:02:32.0000000 +03:00,2018-10-14 23:59:22.0000000 +03:00,"А105, Домодедово, Московская область, Россия","улица Миклухо-Маклая 40 корп 1, Коньково, Москва, Россия",Россия,Домодедово,1948991,5EE3A642-0254-415C-94D0-43272864C279,55.42734281630761,37.88422420624446,55.63875,37.53815
50,1952926,4473075,2018-10-15 19:05:03.3898187 +03:00,2018-10-15 19:45:25.0000000 +03:00,"площадь Джавахарлала Неру 1, Раменки, Москва, Россия","улица Миклухо-Маклая, Коньково, Москва, Россия",Россия,Москва,1952926,5EE3A642-0254-415C-94D0-43272864C279,55.69403,37.53373,55.63941,37.53858
51,1651786,3750023,2018-08-23 13:42:34.0000000 +03:00,2018-08-23 14:09:54.0000000 +03:00,"Хамовники, Москва, Россия","улица Миклухо-Маклая 40 корп 1, Коньково, Москва, Россия",Россия,Москва,1651786,5EE3A642-0254-415C-94D0-43272864C279,55.715,37.56625,55.63893,37.53894
52,1676663,3822347,2018-08-29 14:07:17.0000000 +03:00,2018-08-29 14:33:14.0000000 +03:00,"Лужнецкая набережная 2/4 стр 78, Хамовники, Москва, Россия","Коньково, Москва, Россия",Россия,Москва,1676663,5EE3A642-0254-415C-94D0-43272864C279,55.71384,37.56898,55.6389,37.5386
53,1680749,3833911,2018-08-30 13:44:30.0000000 +03:00,2018-08-30 14:16:51.0000000 +03:00,"Лужнецкая набережная 2/4 стр 71, Хамовники, Москва, Россия","улица Миклухо-Маклая 36 корп 1, Коньково, Москва, Россия",Россия,Москва,1680749,5EE3A642-0254-415C-94D0-43272864C279,55.71377,37.57175,55.63921,37.53571
54,1682329,3838174,2018-08-30 20:59:19.0000000 +03:00,2018-08-30 21:03:37.0000000 +03:00,"Профсоюзная улица 102 стр 1, Коньково, Москва, Россия","улица Бутлерова 26, Коньково, Москва, Россия",Россия,Москва,1682329,5EE3A642-0254-415C-94D0-43272864C279,55.64363,37.52775,55.64715,37.54078
55,1682446,3838507,2018-08-30 21:55:41.0000000 +03:00,2018-08-30 22:15:51.0000000 +03:00,"улица Бутлерова 26, Коньково, Москва, Россия","проезд Апакова, Якиманка, Москва, Россия",Россия,Москва,1682446,5EE3A642-0254-415C-94D0-43272864C279,55.64715,37.54078,55.72759,37.61176
56,1685146,3845680,2018-08-31 14:03:51.0000000 +03:00,2018-08-31 14:34:07.0000000 +03:00,"3-е Транспортное кольцо, Хамовники, Москва, Россия","улица Миклухо-Маклая 40 корп 1, Коньково, Москва, Россия",Россия,Москва,1685146,5EE3A642-0254-415C-94D0-43272864C279,55.71517502428564,37.5751519203536,55.63894,37.53889
57,1686264,3848600,2018-08-31 17:58:04.0000000 +03:00,2018-08-31 18:32:17.0000000 +03:00,"улица Миклухо-Маклая 40 корп 1, Коньково, Москва, Россия","улица Шаболовка 2 стр 1, Якиманка, Москва, Россия",Россия,Москва,1686264,5EE3A642-0254-415C-94D0-43272864C279,55.63894,37.53889,55.72723,37.61177
58,1713373,3925133,2018-09-07 08:33:16.0000000 +03:00,2018-09-07 09:14:22.0000000 +03:00,"улица Введенского, Коньково, Москва, Россия","Лужнецкая набережная 2/4 стр 46, Хамовники, Москва, Россия",Россия,Москва,1713373,5EE3A642-0254-415C-94D0-43272864C279,55.63919,37.53832,55.71344,37.56948
59,1715998,3932171,2018-09-07 19:11:12.0000000 +03:00,2018-09-07 19:26:58.0000000 +03:00,"Лужнецкая набережная 10А стр 11, Хамовники, Москва, Россия","Ленинский проспект 11 стр 3, Якиманка, Москва, Россия",Россия,Москва,1715998,5EE3A642-0254-415C-94D0-43272864C279,55.715272212452916,37.56668410267454,55.72245,37.60474
60,1716596,3934000,2018-09-07 23:20:17.0699602 +03:00,2018-09-07 23:47:48.0000000 +03:00,"Профсоюзная улица, Академический, Москва, Россия","улица Миклухо-Маклая, Коньково, Москва, Россия",Россия,Москва,1716596,5EE3A642-0254-415C-94D0-43272864C279,55.68722,37.57312,55.63956,37.53776
61,1717803,3937593,2018-09-08 09:20:12.0000000 +03:00,2018-09-08 09:24:02.0000000 +03:00,"улица Миклухо-Маклая, Коньково, Москва, Россия","Профсоюзная улица, Коньково, Москва, Россия",Россия,Москва,1717803,5EE3A642-0254-415C-94D0-43272864C279,55.63956,37.53776,55.64278,37.52717
62,1719355,3941873,2018-09-08 14:59:46.0000000 +03:00,2018-09-08 15:12:45.0000000 +03:00,"Ленинский проспект 95 корп 3, Ломоносовский, Москва, Россия","улица Миклухо-Маклая 40 корп 1, Коньково, Москва, Россия",Россия,Москва,1719355,5EE3A642-0254-415C-94D0-43272864C279,55.6720179481284,37.52764432903604,55.63886,37.53835
63,1719650,3942740,2018-09-08 15:54:32.0000000 +03:00,2018-09-08 16:24:41.0000000 +03:00,"улица Миклухо-Маклая 40 корп 1, Коньково, Москва, Россия","Калужская площадь 1 стр 7, Якиманка, Москва, Россия",Россия,Москва,1719650,5EE3A642-0254-415C-94D0-43272864C279,55.63885,37.53835,55.7276,37.61118
64,1727027,3965510,2018-09-10 12:18:41.0000000 +03:00,2018-09-10 12:33:37.0000000 +03:00,"Лужнецкая набережная 2/4 стр 46, Хамовники, Москва, Россия","Профсоюзная улица 44 корп 2, Черёмушки, Москва, Россия",Россия,Москва,1727027,5EE3A642-0254-415C-94D0-43272864C279,55.71349,37.56942,55.67476,37.55575
65,1730519,3975587,2018-09-11 08:10:23.0000000 +03:00,2018-09-11 08:43:45.0000000 +03:00,"Коньково, Москва, Россия","Ленинский проспект, Обручевский, Москва, Россия",Россия,Москва,1730519,5EE3A642-0254-415C-94D0-43272864C279,55.63894,37.5388,55.6683,37.51644
66,1753083,4043293,2018-09-16 09:49:56.0000000 +03:00,2018-09-16 10:03:37.0000000 +03:00,"улица Миклухо-Маклая, Коньково, Москва, Россия","Профсоюзная улица 29 корп 3, Черёмушки, Москва, Россия",Россия,Москва,1753083,5EE3A642-0254-415C-94D0-43272864C279,55.63932,37.53788,55.67247,37.56051
67,1755755,4051841,2018-09-16 22:09:10.0000000 +03:00,2018-09-16 22:29:01.0000000 +03:00,"улица Миклухо-Маклая 57, Коньково, Москва, Россия","улица Липовый парк 9, Коммунарка, Москва, Россия",Россия,Москва,1755755,5EE3A642-0254-415C-94D0-43272864C279,55.64029,37.53387,55.56743,37.4865
68,1755772,4051884,2018-09-16 22:17:54.0000000 +03:00,2018-09-16 22:33:22.0000000 +03:00,"Профсоюзная улица 132, Тёплый Стан, Москва, Россия","улица Липовый парк 9, Коммунарка, Москва, Россия",Россия,Москва,1755772,5EE3A642-0254-415C-94D0-43272864C279,55.62942978592989,37.51661881475053,55.56712,37.48693
69,1761579,4069850,2018-09-18 08:22:39.0000000 +03:00,2018-09-18 09:19:18.0000000 +03:00,"Коньково, Москва, Россия","Лужнецкая набережная 2/4 стр 46, Хамовники, Москва, Россия",Россия,Москва,1761579,5EE3A642-0254-415C-94D0-43272864C279,55.6389,37.53858,55.71343,37.56949
70,1763837,4076656,2018-09-18 18:21:20.0000000 +03:00,2018-09-18 18:30:53.0000000 +03:00,"улица Миклухо-Маклая 40 корп 1, Коньково, Москва, Россия","улица Миклухо-Маклая, Коньково, Москва, Россия",Россия,Москва,1763837,5EE3A642-0254-415C-94D0-43272864C279,55.63888,37.53846,55.63957,37.53761
71,1770169,4097415,2018-09-20 08:23:31.0000000 +03:00,2018-09-20 09:24:07.0000000 +03:00,"Коньково, Москва, Россия","Лужнецкая набережная 2/4 стр 1, Хамовники, Москва, Россия",Россия,Москва,1770169,5EE3A642-0254-415C-94D0-43272864C279,55.6389,37.5386,55.713,37.57009
72,1825102,4143775,2018-09-23 12:51:52.0000000 +03:00,2018-09-23 13:07:33.0000000 +03:00,"Профсоюзная улица 38, Черёмушки, Москва, Россия","Коньково, Москва, Россия",Россия,Москва,1825102,5EE3A642-0254-415C-94D0-43272864C279,55.6753854220017,37.559990116776675,55.63895,37.53886
73,1826167,4177957,2018-09-25 21:29:35.0000000 +03:00,2018-09-25 21:57:47.0000000 +03:00,"Кантемировская улица 12 корп 1, Москворечье-Сабурово, Москва, Россия","улица Миклухо-Маклая 40 корп 1, Коньково, Москва, Россия",Россия,Москва,1826167,5EE3A642-0254-415C-94D0-43272864C279,55.6383,37.67233,55.63893,37.53893
74,1827794,4184703,2018-09-26 09:51:14.0000000 +03:00,2018-09-26 10:31:59.0000000 +03:00,"улица Введенского, Коньково, Москва, Россия","проспект Вернадского, Гагаринский, Москва, Россия",Россия,Москва,1827794,5EE3A642-0254-415C-94D0-43272864C279,55.634081452205436,37.53041485327997,55.69283,37.5358
75,1827810,4184770,2018-09-26 10:26:32.0000000 +03:00,2018-09-26 10:34:33.0000000 +03:00,"проспект Вернадского, Проспект Вернадского, Москва, Россия","улица Ленинские Горы 1 стр 2, Раменки, Москва, Россия",Россия,Москва,1827810,5EE3A642-0254-415C-94D0-43272864C279,55.67936518700391,37.51109582375503,55.69853,37.5291
76,1827838,4184849,2018-09-26 10:32:31.0000000 +03:00,2018-09-26 10:38:05.0000000 +03:00,"Ломоносовский проспект 20, Раменки, Москва, Россия","улица Ленинские Горы 1 стр 2А, Раменки, Москва, Россия",Россия,Москва,1827838,5EE3A642-0254-415C-94D0-43272864C279,55.69570218683751,37.53265676092126,55.69949,37.53114
77,1830042,4193658,2018-09-26 17:05:43.0000000 +03:00,2018-09-26 18:01:24.0000000 +03:00,"Лужнецкая набережная 2/4 стр 17, Хамовники, Москва, Россия","Соловьиный проезд 20, Ясенево, Москва, Россия",Россия,Москва,1830042,5EE3A642-0254-415C-94D0-43272864C279,55.71325,37.57266,55.60441,37.55451
78,1833643,4205518,2018-09-27 16:47:06.0000000 +03:00,2018-09-27 17:02:53.0000000 +03:00,"Лужнецкая набережная 2/4 стр 59, Хамовники, Москва, Россия","улица Лебедева, Раменки, Москва, Россия",Россия,Москва,1833643,5EE3A642-0254-415C-94D0-43272864C279,55.71387,37.57157,55.69998,37.53202
79,1835951,4213118,2018-09-28 08:15:48.0000000 +03:00,2018-09-28 09:14:54.0000000 +03:00,"улица Миклухо-Маклая 40 корп 1, Коньково, Москва, Россия","Лужнецкая набережная 2/4 стр 73, Хамовники, Москва, Россия",Россия,Москва,1835951,5EE3A642-0254-415C-94D0-43272864C279,55.63822,37.53828,55.7132,37.57248
80,1838547,4221708,2018-09-28 19:04:03.0000000 +03:00,2018-09-28 19:14:30.0000000 +03:00,"Гагаринский, Москва, Россия","Ленинский проспект 11 стр 3, Якиманка, Москва, Россия",Россия,Москва,1838547,5EE3A642-0254-415C-94D0-43272864C279,55.70966639561179,37.58226522248013,55.72244,37.60475
81,1909117,4378900,2018-10-09 21:23:52.0000000 +03:00,2018-10-09 21:27:52.0000000 +03:00,"Кантемировская улица 12 корп 1, Москворечье-Сабурово, Москва, Россия","Пролетарский проспект 21, Москворечье-Сабурово, Москва, Россия",Россия,Москва,1909117,5EE3A642-0254-415C-94D0-43272864C279,55.63831,37.67216,55.63993,37.6552
82,1916353,4390810,2018-10-10 12:14:53.0000000 +03:00,2018-10-10 12:29:11.0000000 +03:00,"улица Колмогорова 1, Раменки, Москва, Россия","Профсоюзная улица 36 корп 1, Черёмушки, Москва, Россия",Россия,Москва,1916353,5EE3A642-0254-415C-94D0-43272864C279,55.69965,37.5271,55.67613,37.55978
83,1948943,4459225,2018-10-14 21:52:47.0000000 +03:00,2018-10-14 22:34:31.0000000 +03:00,"улица Миклухо-Маклая 40, Коньково, Москва, Россия","А105, Домодедово, Московская область, Россия",Россия,Москва,1948943,5EE3A642-0254-415C-94D0-43272864C279,55.63877,37.53941,55.43019,37.88086
84,1950238,4463417,2018-10-15 08:34:19.0000000 +03:00,2018-10-15 09:24:09.0000000 +03:00,"улица Миклухо-Маклая 40 корп 1, Коньково, Москва, Россия","улица Ленинские Горы 1 стр 2А, Раменки, Москва, Россия",Россия,Москва,1950238,5EE3A642-0254-415C-94D0-43272864C279,55.63875,37.53815,55.69959,37.53133
85,1957160,4489848,2018-10-16 18:53:18.3145601 +03:00,2018-10-16 19:42:56.0000000 +03:00,"Якиманка, Москва, Россия","улица Миклухо-Маклая 40 корп 1, Коньково, Москва, Россия",Россия,Москва,1957160,5EE3A642-0254-415C-94D0-43272864C279,55.72453,37.60588,55.63885,37.53831
86,1959737,4499006,2018-10-17 12:11:41.0000000 +03:00,2018-10-17 12:46:17.0000000 +03:00,"Раменки, Москва, Россия","Коньково, Москва, Россия",Россия,Москва,1959737,5EE3A642-0254-415C-94D0-43272864C279,55.69938741629542,37.52690216529884,55.63889,37.53856
87,1961054,4503638,2018-10-17 15:10:12.0000000 +03:00,2018-10-17 15:30:55.0000000 +03:00,"Коньково, Москва, Россия","Соловьиный проезд 20, Ясенево, Москва, Россия",Россия,Москва,1961054,5EE3A642-0254-415C-94D0-43272864C279,55.63889,37.53856,55.60476,37.55412
88,1961057,4503639,2018-10-17 17:18:14.0000000 +03:00,2018-10-17 17:33:07.0000000 +03:00,"Соловьиный проезд 20, Ясенево, Москва, Россия","улица Введенского, Коньково, Москва, Россия",Россия,Москва,1961057,5EE3A642-0254-415C-94D0-43272864C279,55.60476,37.55412,55.63897,37.53785
89,1966029,4521714,2018-10-18 17:26:31.0000000 +03:00,2018-10-18 18:05:02.0000000 +03:00,"улица Ленинские Горы 1 стр 2А, Раменки, Москва, Россия","Профсоюзная улица 29 корп 3, Черёмушки, Москва, Россия",Россия,Москва,1966029,5EE3A642-0254-415C-94D0-43272864C279,55.69956,37.53102,55.67269,37.56074
90,1966043,4521739,2018-10-18 19:41:04.0000000 +03:00,2018-10-18 19:59:14.0000000 +03:00,"Профсоюзная улица 29 корп 3, Черёмушки, Москва, Россия","улица Миклухо-Маклая 40 корп 1, Коньково, Москва, Россия",Россия,Москва,1966043,5EE3A642-0254-415C-94D0-43272864C279,55.67269,37.56074,55.63884,37.53827
91,1989490,4600769,2018-10-24 12:05:58.0000000 +03:00,2018-10-24 12:12:25.0000000 +03:00,"улица Колмогорова 1, Раменки, Москва, Россия","площадь Джавахарлала Неру 1, Раменки, Москва, Россия",Россия,Москва,1989490,5EE3A642-0254-415C-94D0-43272864C279,55.69963,37.52718,55.69346,37.53309
92,1989492,4600770,2018-10-24 09:44:40.0000000 +03:00,2018-10-24 10:35:51.0000000 +03:00,"улица Миклухо-Маклая 40 корп 1, Коньково, Москва, Россия","Раменки, Москва, Россия",Россия,Москва,1989492,5EE3A642-0254-415C-94D0-43272864C279,55.63893,37.53895,55.69952,37.52688
93,1658201,3767420,2018-08-24 23:27:32.0000000 +03:00,2018-08-24 23:38:12.0000000 +03:00,"Профсоюзная улица, Академический, Москва, Россия","улица Миклухо-Маклая 40 корп 1, Коньково, Москва, Россия",Россия,Москва,1658201,5EE3A642-0254-415C-94D0-43272864C279,55.684573785453736,37.570123113726794,55.63857,37.538
94,1671245,3807638,2018-08-28 08:18:29.0000000 +03:00,2018-08-28 08:51:55.0000000 +03:00,"улица Миклухо-Маклая 32, Коньково, Москва, Россия","Лужнецкая набережная 2/4 стр 1, Хамовники, Москва, Россия",Россия,Москва,1671245,5EE3A642-0254-415C-94D0-43272864C279,55.64055408356305,37.53157641742148,55.71337,37.56957
95,1693305,3868865,2018-09-02 12:52:21.0000000 +03:00,2018-09-02 13:14:52.0000000 +03:00,"улица Миклухо-Маклая 40 корп 1, Коньково, Москва, Россия","Донская улица 16, Якиманка, Москва, Россия",Россия,Москва,1693305,5EE3A642-0254-415C-94D0-43272864C279,55.63884,37.53825,55.72216,37.60453
96,1694768,3872887,2018-09-02 19:10:34.0000000 +03:00,2018-09-02 19:20:06.0000000 +03:00,"улица Миклухо-Маклая 57, Коньково, Москва, Россия","Коньково, Москва, Россия",Россия,Москва,1694768,5EE3A642-0254-415C-94D0-43272864C279,55.64007,37.53412,55.63888,37.53849
97,1695125,3874052,2018-09-02 21:34:23.0000000 +03:00,2018-09-02 22:09:54.0000000 +03:00,"улица Земляной вал 29, Басманный, Москва, Россия","улица Миклухо-Маклая, Коньково, Москва, Россия",Россия,Москва,1695125,5EE3A642-0254-415C-94D0-43272864C279,55.75704,37.66002,55.63965,37.53712
98,1697644,3880967,2018-09-03 14:35:31.0000000 +03:00,2018-09-03 14:41:10.0000000 +03:00,"Профсоюзная улица 102/47, Коньково, Москва, Россия","улица Миклухо-Маклая 40, Коньково, Москва, Россия",Россия,Москва,1697644,5EE3A642-0254-415C-94D0-43272864C279,55.64448,37.52577,55.63903,37.53944
99,1700442,3889001,2018-09-04 08:01:35.0000000 +03:00,2018-09-04 08:48:34.0000000 +03:00,"улица Миклухо-Маклая 40, Коньково, Москва, Россия","Университетский проспект, Гагаринский, Москва, Россия",Россия,Москва,1700442,5EE3A642-0254-415C-94D0-43272864C279,55.63903,37.53944,55.69908,37.5498
100,1703434,3897148,2018-09-04 19:01:27.0000000 +03:00,2018-09-04 19:33:38.0000000 +03:00,"Профсоюзная улица, Черёмушки, Москва, Россия","улица Введенского, Коньково, Москва, Россия",Россия,Москва,1703434,5EE3A642-0254-415C-94D0-43272864C279,55.67755168563814,37.56229378620947,55.63908,37.53806
101,1705515,3903457,2018-09-05 09:53:34.5550226 +03:00,2018-09-05 10:33:04.0000000 +03:00,"улица Введенского, Коньково, Москва, Россия","улица Колмогорова 1, Раменки, Москва, Россия",Россия,Москва,1705515,5EE3A642-0254-415C-94D0-43272864C279,55.63848,37.5374,55.69958,37.52697
102,1705549,3903571,2018-09-05 12:45:26.0000000 +03:00,2018-09-05 12:50:34.0000000 +03:00,"Раменки, Москва, Россия","проспект Вернадского 6-В стр 1, Раменки, Москва, Россия",Россия,Москва,1705549,5EE3A642-0254-415C-94D0-43272864C279,55.69955580873014,37.52678372900703,55.69257,37.53244
103,1706125,3905026,2018-09-05 14:38:37.0000000 +03:00,2018-09-05 14:59:43.0000000 +03:00,"проспект Вернадского 6-В стр 1, Раменки, Москва, Россия","Лужнецкая набережная 2/4 стр 19, Хамовники, Москва, Россия",Россия,Москва,1706125,5EE3A642-0254-415C-94D0-43272864C279,55.69257,37.53244,55.71444,37.57278
104,1711690,3920631,2018-09-06 19:36:26.7779741 +03:00,2018-09-06 20:01:42.0000000 +03:00,"Профсоюзная улица, Академический, Москва, Россия","улица Введенского, Коньково, Москва, Россия",Россия,Москва,1711690,5EE3A642-0254-415C-94D0-43272864C279,55.68134,37.56634,55.63919,37.53832
105,1735352,3989731,2018-09-12 10:02:36.0000000 +03:00,2018-09-12 10:15:03.0000000 +03:00,"улица Введенского, Коньково, Москва, Россия","Профсоюзная улица 29, Черёмушки, Москва, Россия",Россия,Москва,1735352,5EE3A642-0254-415C-94D0-43272864C279,55.641914256900215,37.54048621285477,55.67345,37.55822
106,1735372,3989782,2018-09-12 10:04:05.0000000 +03:00,2018-09-12 10:17:57.0000000 +03:00,"улица Введенского 5, Коньково, Москва, Россия","Профсоюзная улица 44, Черёмушки, Москва, Россия",Россия,Москва,1735372,5EE3A642-0254-415C-94D0-43272864C279,55.64552402574369,37.54384882667263,55.67412,37.55794
107,1735982,3991408,2018-09-12 12:25:07.0000000 +03:00,2018-09-12 12:42:37.0000000 +03:00,"улица Лебедева, Раменки, Москва, Россия","Профсоюзная улица 42 корп 4, Черёмушки, Москва, Россия",Россия,Москва,1735982,5EE3A642-0254-415C-94D0-43272864C279,55.69998,37.53202,55.67519,37.55572
108,1737819,3996539,2018-09-12 19:30:14.0000000 +03:00,2018-09-12 19:49:19.0000000 +03:00,"Андреевская набережная 1 корп 1, Гагаринский, Москва, Россия","проспект 60 лет Октября 31, Академический, Москва, Россия",Россия,Москва,1737819,5EE3A642-0254-415C-94D0-43272864C279,55.712714642338184,37.578738788177795,55.68895,37.57448
109,1737943,3996901,2018-09-12 19:50:21.0000000 +03:00,2018-09-12 20:09:50.0000000 +03:00,"проспект 60 лет Октября 20, Академический, Москва, Россия","улица Миклухо-Маклая 40 корп 1, Коньково, Москва, Россия",Россия,Москва,1737943,5EE3A642-0254-415C-94D0-43272864C279,55.688395634333276,37.573884766462974,55.63885,37.53833
110,1739581,4001893,2018-09-13 08:21:59.0000000 +03:00,2018-09-13 09:03:23.0000000 +03:00,"улица Миклухо-Маклая 40 корп 1, Коньково, Москва, Россия","Лужнецкая набережная 2/4 стр 1, Хамовники, Москва, Россия",Россия,Москва,1739581,5EE3A642-0254-415C-94D0-43272864C279,55.63885,37.53833,55.71297,37.56923
111,1742006,4008956,2018-09-13 18:21:29.0000000 +03:00,2018-09-13 18:37:18.0000000 +03:00,"проспект 60 лет Октября 8, Академический, Москва, Россия","Профсоюзная улица 27 корп 2 стр 3, Черёмушки, Москва, Россия",Россия,Москва,1742006,5EE3A642-0254-415C-94D0-43272864C279,55.69480737676443,37.5765195954941,55.67289,37.56095
112,1742523,4010686,2018-09-13 20:51:04.0000000 +03:00,2018-09-13 21:10:23.0000000 +03:00,"Профсоюзная улица 27 корп 2 стр 3, Черёмушки, Москва, Россия","улица Миклухо-Маклая 40 корп 1, Коньково, Москва, Россия",Россия,Москва,1742523,5EE3A642-0254-415C-94D0-43272864C279,55.67289,37.56095,55.63883,37.53824
113,1744095,4015579,2018-09-14 08:31:23.0000000 +03:00,2018-09-14 09:19:42.0000000 +03:00,"улица Миклухо-Маклая 40 корп 1, Коньково, Москва, Россия","Лужнецкая набережная 2 стр 81, Хамовники, Москва, Россия",Россия,Москва,1744095,5EE3A642-0254-415C-94D0-43272864C279,55.63883,37.53824,55.71402,37.57216
114,1744118,4015646,2018-09-14 09:06:48.0000000 +03:00,2018-09-14 09:19:42.0000000 +03:00,"улица Вавилова 5Г, Донской, Москва, Россия","Лужнецкая набережная 2 стр 81, Хамовники, Москва, Россия",Россия,Москва,1744118,5EE3A642-0254-415C-94D0-43272864C279,55.70351311476501,37.60050969201848,55.71402,37.57216
115,1747563,4025744,2018-09-15 00:22:50.0000000 +03:00,2018-09-15 00:36:44.0000000 +03:00,"улица Александры Монаховой 30, Коммунарка, Москва, Россия","улица Миклухо-Маклая 40 корп 1, Коньково, Москва, Россия",Россия,Москва,1747563,5EE3A642-0254-415C-94D0-43272864C279,55.56765893479396,37.47913076545808,55.63894,37.53889
116,1749424,4031229,2018-09-15 12:14:27.0000000 +03:00,2018-09-15 12:25:51.0000000 +03:00,"улица Миклухо-Маклая 40 корп 1, Коньково, Москва, Россия","улица Миклухо-Маклая 36А, Коньково, Москва, Россия",Россия,Москва,1749424,5EE3A642-0254-415C-94D0-43272864C279,55.63894,37.53889,55.64041,37.53253
117,1771969,4103444,2018-09-20 16:41:43.0000000 +03:00,2018-09-20 16:54:17.0000000 +03:00,"Лужнецкая набережная 10А стр 11, Хамовники, Москва, Россия","улица Ленинские Горы 1 стр 2А, Раменки, Москва, Россия",Россия,Москва,1771969,5EE3A642-0254-415C-94D0-43272864C279,55.71528914389732,37.56676079708856,55.70002,37.53185
118,1772457,4105189,2018-09-20 18:16:42.0000000 +03:00,2018-09-20 18:58:35.0000000 +03:00,"улица Лебедева, Раменки, Москва, Россия","Профсоюзная улица 29 корп 3, Черёмушки, Москва, Россия",Россия,Москва,1772457,5EE3A642-0254-415C-94D0-43272864C279,55.70002,37.53185,55.6728,37.56086
119,1776893,4119872,2018-09-21 19:07:23.0000000 +03:00,2018-09-21 19:12:42.0000000 +03:00,"Лужнецкая набережная 2/4 стр 78, Хамовники, Москва, Россия","Ленинский проспект 30А, Донской, Москва, Россия",Россия,Москва,1776893,5EE3A642-0254-415C-94D0-43272864C279,55.71384,37.56898,55.71183,37.57986
120,1952679,4472365,2018-10-15 18:56:16.0000000 +03:00,2018-10-15 18:56:58.0000000 +03:00,"Комсомольский проспект, Хамовники, Москва, Россия","Комсомольский проспект, Раменки, Москва, Россия",Россия,Москва,1952679,5EE3A642-0254-415C-94D0-43272864C279,55.71072482043478,37.559241810848526,55.7095,37.55803
121,1954460,4478932,2018-10-16 08:42:01.0000000 +03:00,2018-10-16 08:44:09.0000000 +03:00,"улица Миклухо-Маклая 32, Коньково, Москва, Россия","улица Миклухо-Маклая 51 корп 1, Коньково, Москва, Россия",Россия,Москва,1954460,5EE3A642-0254-415C-94D0-43272864C279,55.64062851486322,37.53220623362579,55.6427,37.5293
122,1959245,4497307,2018-10-17 09:56:04.0000000 +03:00,2018-10-17 10:35:53.0000000 +03:00,"улица Миклухо-Маклая 40 корп 1, Коньково, Москва, Россия","Раменки, Москва, Россия",Россия,Москва,1959245,5EE3A642-0254-415C-94D0-43272864C279,55.63885,37.53831,55.69942,37.52671
123,1965130,4518241,2018-10-18 16:06:04.0000000 +03:00,2018-10-18 16:35:46.0000000 +03:00,"Профсоюзная улица 91, Коньково, Москва, Россия","улица Ленинские Горы 1 стр 2А, Раменки, Москва, Россия",Россия,Москва,1965130,5EE3A642-0254-415C-94D0-43272864C279,55.64186,37.52671,55.69956,37.53102
124,1988718,4598170,2018-10-23 21:19:07.0000000 +03:00,2018-10-23 21:45:33.0000000 +03:00,"улица Кошкина 14А, Москворечье-Сабурово, Москва, Россия","улица Миклухо-Маклая 40 корп 1, Коньково, Москва, Россия",Россия,Москва,1988718,5EE3A642-0254-415C-94D0-43272864C279,55.63781,37.67231,55.63893,37.53895
125,1993323,4612908,2018-10-24 18:11:26.0000000 +03:00,2018-10-24 19:03:36.0000000 +03:00,"проспект Вернадского 10, Раменки, Москва, Россия","улица Миклухо-Маклая, Коньково, Москва, Россия",Россия,Москва,1993323,5EE3A642-0254-415C-94D0-43272864C279,55.68739,37.52493,55.63957,37.53769
126,1654839,3758144,2018-08-24 08:20:01.0000000 +03:00,2018-08-24 08:46:09.0000000 +03:00,"улица Миклухо-Маклая 40 корп 1, Коньково, Москва, Россия","проспект Вернадского 3А, Гагаринский, Москва, Россия",Россия,Москва,1654839,5EE3A642-0254-415C-94D0-43272864C279,55.63893,37.53894,55.70349,37.55011
127,1656200,3761703,2018-08-24 13:44:43.0000000 +03:00,2018-08-24 14:07:52.0000000 +03:00,"Профсоюзная улица 44, Черёмушки, Москва, Россия","улица Миклухо-Маклая 40, Коньково, Москва, Россия",Россия,Москва,1656200,5EE3A642-0254-415C-94D0-43272864C279,55.67373091360151,37.55838199522119,55.63883,37.53946
128,1657730,3765578,2018-08-24 19:20:13.0000000 +03:00,2018-08-24 19:49:08.0000000 +03:00,"улица Миклухо-Маклая 40, Коньково, Москва, Россия","Донская улица 14 корп 1, Якиманка, Москва, Россия",Россия,Москва,1657730,5EE3A642-0254-415C-94D0-43272864C279,55.63883,37.53946,55.72254,37.60527
129,1661036,3776094,2018-08-25 15:37:46.0000000 +03:00,2018-08-25 15:41:54.0000000 +03:00,"улица Бутлерова 19А стр 1, Коньково, Москва, Россия","улица Миклухо-Маклая 55, Коньково, Москва, Россия",Россия,Москва,1661036,5EE3A642-0254-415C-94D0-43272864C279,55.64742598687825,37.540836157312185,55.64117,37.53295
130,1662232,3779672,2018-08-25 15:55:59.0000000 +03:00,2018-08-25 16:38:12.0000000 +03:00,"улица Миклухо-Маклая 55, Коньково, Москва, Россия","Москва, Россия",Россия,Москва,1662232,5EE3A642-0254-415C-94D0-43272864C279,55.64117,37.53294,55.38349,37.36308
131,1663760,3785982,2018-08-26 10:46:44.0000000 +03:00,2018-08-26 11:14:42.0000000 +03:00,"Калужское шоссе 1В, Красная Пахра посёлок, Москва, Россия","улица Миклухо-Маклая 40 корп 1, Коньково, Москва, Россия",Россия,Москва,1663760,5EE3A642-0254-415C-94D0-43272864C279,55.42779,37.27409,55.63878,37.53768
132,1663820,3786146,2018-08-26 11:21:04.0000000 +03:00,2018-08-26 11:33:44.0000000 +03:00,"улица Миклухо-Маклая 40 корп 1, Коньково, Москва, Россия","Профсоюзная улица 29 корп 3, Черёмушки, Москва, Россия",Россия,Москва,1663820,5EE3A642-0254-415C-94D0-43272864C279,55.63878,37.53768,55.67253,37.56057
133,1664315,3787915,2018-08-26 13:17:00.0000000 +03:00,2018-08-26 13:32:34.0000000 +03:00,"Профсоюзная улица 29 корп 3, Черёмушки, Москва, Россия","Коньково, Москва, Россия",Россия,Москва,1664315,5EE3A642-0254-415C-94D0-43272864C279,55.67253,37.56057,55.6389,37.53857
134,1664413,3788528,2018-08-26 13:55:51.0000000 +03:00,2018-08-26 14:00:46.0000000 +03:00,"Коньково, Москва, Россия","улица Миклухо-Маклая 51, Коньково, Москва, Россия",Россия,Москва,1664413,5EE3A642-0254-415C-94D0-43272864C279,55.6389,37.53857,55.64225,37.52893
135,1665983,3793010,2018-08-26 22:28:07.0000000 +03:00,2018-08-26 22:38:00.0000000 +03:00,"Коньково, Москва, Россия","улица Миклухо-Маклая 40 корп 1, Коньково, Москва, Россия",Россия,Москва,1665983,5EE3A642-0254-415C-94D0-43272864C279,55.641713510319256,37.52631585117199,55.63859,37.53859
136,1667147,3796205,2018-08-27 08:15:38.0000000 +03:00,2018-08-27 08:55:35.0000000 +03:00,"улица Миклухо-Маклая 40 корп 1, Коньково, Москва, Россия","Лужнецкая набережная 2/4 стр 46, Хамовники, Москва, Россия",Россия,Москва,1667147,5EE3A642-0254-415C-94D0-43272864C279,55.63859,37.53859,55.7134,37.56954
137,1811828,4150282,2018-09-23 21:08:24.0000000 +03:00,2018-09-23 21:16:07.0000000 +03:00,"улица Миклухо-Маклая 40 корп 1, Коньково, Москва, Россия","улица Миклухо-Маклая 40 корп 1, Коньково, Москва, Россия",Россия,Москва,1811828,5EE3A642-0254-415C-94D0-43272864C279,55.63894,37.53889,55.63887,37.53843
138,1816067,4164557,2018-09-24 22:12:53.0000000 +03:00,2018-09-24 22:47:16.0000000 +03:00,"Калужская площадь 1 стр 5, Якиманка, Москва, Россия","улица Островитянова 53 корп 3, Коньково, Москва, Россия",Россия,Москва,1816067,5EE3A642-0254-415C-94D0-43272864C279,55.72757,37.61276,55.63703,37.5384
139,1817487,4168912,2018-09-25 08:34:05.0000000 +03:00,2018-09-25 09:41:40.0000000 +03:00,"улица Островитянова 53 корп 3, Коньково, Москва, Россия","Лужнецкая набережная 2/4 стр 17, Хамовники, Москва, Россия",Россия,Москва,1817487,5EE3A642-0254-415C-94D0-43272864C279,55.63703,37.5384,55.71325,37.57266
140,1819887,4122107,2018-09-21 23:11:59.0000000 +03:00,2018-09-21 23:25:04.0000000 +03:00,"Профсоюзная улица, Черёмушки, Москва, Россия","Коньково, Москва, Россия",Россия,Москва,1819887,5EE3A642-0254-415C-94D0-43272864C279,55.67187989601462,37.55637151192646,55.63894,37.53888
141,1821622,4129089,2018-09-22 12:17:01.0000000 +03:00,2018-09-22 12:54:39.0000000 +03:00,"улица Маршала Тимошенко 27А, Кунцево, Москва, Россия","Профсоюзная улица 104/47, Коньково, Москва, Россия",Россия,Москва,1821622,5EE3A642-0254-415C-94D0-43272864C279,55.75098,37.40511,55.64337,37.52536
142,1846107,4248942,2018-09-30 18:38:39.0000000 +03:00,2018-09-30 19:04:55.0000000 +03:00,"Донская улица 14 корп 1, Якиманка, Москва, Россия","Кантемировская улица 12 корп 1, Москворечье-Сабурово, Москва, Россия",Россия,Москва,1846107,5EE3A642-0254-415C-94D0-43272864C279,55.7225,37.60523,55.63831,37.67214
143,1853384,4275172,2018-10-02 15:47:10.0000000 +03:00,2018-10-02 15:59:59.0000000 +03:00,"Профсоюзная улица 91, Коньково, Москва, Россия","улица Миклухо-Маклая 40, Коньково, Москва, Россия",Россия,Москва,1853384,5EE3A642-0254-415C-94D0-43272864C279,55.64157,37.52648,55.6388,37.53943
144,1856111,4284761,2018-10-03 10:06:18.0000000 +03:00,2018-10-03 10:24:01.0000000 +03:00,"Ленинский проспект 81, Ломоносовский, Москва, Россия","улица Колмогорова, Раменки, Москва, Россия",Россия,Москва,1856111,5EE3A642-0254-415C-94D0-43272864C279,55.6837,37.53915,55.69828,37.52955
145,1858567,4292792,2018-10-03 16:44:08.6143297 +03:00,2018-10-03 17:40:31.0000000 +03:00,"площадь Джавахарлала Неру 1, Раменки, Москва, Россия","Соловьиный проезд 20, Ясенево, Москва, Россия",Россия,Москва,1858567,5EE3A642-0254-415C-94D0-43272864C279,55.69383,37.53375,55.60433,37.55501
146,1858643,4293006,2018-10-03 19:35:05.0000000 +03:00,2018-10-03 19:56:36.0000000 +03:00,"Соловьиный проезд 20, Ясенево, Москва, Россия","улица Миклухо-Маклая 40 корп 1, Коньково, Москва, Россия",Россия,Москва,1858643,5EE3A642-0254-415C-94D0-43272864C279,55.60433,37.55501,55.63887,37.53918
147,1865069,4306038,2018-10-04 18:38:18.0000000 +03:00,2018-10-04 19:08:45.0000000 +03:00,"Профсоюзная улица 29 корп 3, Черёмушки, Москва, Россия","улица Введенского, Коньково, Москва, Россия",Россия,Москва,1865069,5EE3A642-0254-415C-94D0-43272864C279,55.67247,37.56051,55.63913,37.53818
148,1927457,4410412,2018-10-11 19:41:35.0000000 +03:00,2018-10-11 19:45:55.0000000 +03:00,"Профсоюзная улица 30, Черёмушки, Москва, Россия","проспект 60 лет Октября 29, Академический, Москва, Россия",Россия,Москва,1927457,5EE3A642-0254-415C-94D0-43272864C279,55.677361629640316,37.56247612452964,55.68912,37.57495
149,1930740,4335567,2018-10-06 19:23:13.0000000 +03:00,2018-10-06 19:53:11.0000000 +03:00,"Якиманка, Москва, Россия","улица Введенского, Коньково, Москва, Россия",Россия,Москва,1930740,5EE3A642-0254-415C-94D0-43272864C279,55.72440756490056,37.6059415843688,55.63894,37.53783
150,1934907,4393274,2018-10-10 17:36:41.0000000 +03:00,2018-10-10 18:10:33.0000000 +03:00,"Профсоюзная улица 36 корп 1, Черёмушки, Москва, Россия","Соловьиный проезд 20, Ясенево, Москва, Россия",Россия,Москва,1934907,5EE3A642-0254-415C-94D0-43272864C279,55.67613,37.55978,55.60445,37.55424
151,1935796,4406435,2018-10-11 15:52:16.0000000 +03:00,2018-10-11 16:15:47.0000000 +03:00,"Коньково, Москва, Россия","Ломоносовский проспект 22, Раменки, Москва, Россия",Россия,Москва,1935796,5EE3A642-0254-415C-94D0-43272864C279,55.641703577764,37.526375362684504,55.69771,37.52907
152,1936187,4411576,2018-10-11 21:50:04.0499111 +03:00,2018-10-11 22:23:26.0000000 +03:00,"улица Серпуховский Вал, Даниловский, Москва, Россия","улица Миклухо-Маклая, Коньково, Москва, Россия",Россия,Москва,1936187,5EE3A642-0254-415C-94D0-43272864C279,55.71201,37.60725,55.63915,37.53898
153,1944234,4441439,2018-10-13 15:19:09.0000000 +03:00,2018-10-13 15:23:23.0000000 +03:00,"улица Введенского 13Б стр 1, Коньково, Москва, Россия","улица Генерала Антонова 1, Коньково, Москва, Россия",Россия,Москва,1944234,5EE3A642-0254-415C-94D0-43272864C279,55.64186,37.54243,55.64643,37.53235
154,1668543,3799869,2018-08-27 14:10:53.0000000 +03:00,2018-08-27 14:35:12.0000000 +03:00,"улица Косыгина 2, Гагаринский, Москва, Россия","Коньково, Москва, Россия",Россия,Москва,1668543,5EE3A642-0254-415C-94D0-43272864C279,55.707868519291004,37.57780001502258,55.6392,37.53836
155,1694586,3872373,2018-09-02 18:14:25.2336440 +03:00,2018-09-02 18:28:09.0000000 +03:00,"Профсоюзная улица 3, Академический, Москва, Россия","улица Миклухо-Маклая 57, Коньково, Москва, Россия",Россия,Москва,1694586,5EE3A642-0254-415C-94D0-43272864C279,55.68588,37.57168,55.64007,37.53412
156,1695030,3873767,2018-09-02 20:38:04.0000000 +03:00,2018-09-02 21:05:11.0000000 +03:00,"улица Введенского, Коньково, Москва, Россия","улица Земляной вал 29, Басманный, Москва, Россия",Россия,Москва,1695030,5EE3A642-0254-415C-94D0-43272864C279,55.65118904230711,37.551079597359106,55.75704,37.66002
157,1696202,3877189,2018-09-03 07:55:10.0000000 +03:00,2018-09-03 08:31:53.0000000 +03:00,"улица Миклухо-Маклая 32, Коньково, Москва, Россия","Лужнецкая набережная 2/4 стр 46, Хамовники, Москва, Россия",Россия,Москва,1696202,5EE3A642-0254-415C-94D0-43272864C279,55.641036378271544,37.532191146200084,55.71347,37.56945
158,1697101,3879527,2018-09-03 12:11:01.0000000 +03:00,2018-09-03 12:29:35.0000000 +03:00,"Лужнецкая набережная 2/4 стр 46, Хамовники, Москва, Россия","улица Колмогорова, Раменки, Москва, Россия",Россия,Москва,1697101,5EE3A642-0254-415C-94D0-43272864C279,55.71347,37.56945,55.69828,37.52955
159,1697464,3880543,2018-09-03 13:23:30.0000000 +03:00,2018-09-03 13:58:08.0000000 +03:00,"улица Колмогорова, Раменки, Москва, Россия","Профсоюзная улица 102/47, Коньково, Москва, Россия",Россия,Москва,1697464,5EE3A642-0254-415C-94D0-43272864C279,55.69828,37.52955,55.64448,37.52577
160,1700511,3889190,2018-09-04 08:57:29.0000000 +03:00,2018-09-04 09:05:10.0000000 +03:00,"улица Хамовнический вал 18, Хамовники, Москва, Россия","Лужнецкая набережная 2/4 стр 73, Хамовники, Москва, Россия",Россия,Москва,1700511,5EE3A642-0254-415C-94D0-43272864C279,55.71776163769487,37.571674017270624,55.71356,37.57212
161,1702332,3894071,2018-09-04 16:11:26.0000000 +03:00,2018-09-04 16:45:27.0000000 +03:00,"Лужнецкая набережная 2/4 стр 73, Хамовники, Москва, Россия","Профсоюзная улица 27 корп 2 стр 1, Черёмушки, Москва, Россия",Россия,Москва,1702332,5EE3A642-0254-415C-94D0-43272864C279,55.71356,37.57212,55.6733,37.56031
162,1703021,3895889,2018-09-04 18:58:15.0000000 +03:00,2018-09-04 19:27:43.0000000 +03:00,"Профсоюзная улица 27 корп 2 стр 1, Черёмушки, Москва, Россия","Коньково, Москва, Россия",Россия,Москва,1703021,5EE3A642-0254-415C-94D0-43272864C279,55.6733,37.56031,55.63889,37.53854
163,1703446,3897219,2018-09-04 23:25:02.0000000 +03:00,2018-09-04 23:31:43.0000000 +03:00,"улица Миклухо-Маклая 61, Коньково, Москва, Россия","улица Миклухо-Маклая 43, Коньково, Москва, Россия",Россия,Москва,1703446,5EE3A642-0254-415C-94D0-43272864C279,55.639144834182815,37.540325531770975,55.64397,37.52369
164,1707432,3908546,2018-09-05 19:29:32.0000000 +03:00,2018-09-05 20:11:18.0000000 +03:00,"Андреевская набережная 1 корп 1, Гагаринский, Москва, Россия","улица Введенского, Коньково, Москва, Россия",Россия,Москва,1707432,5EE3A642-0254-415C-94D0-43272864C279,55.712725874088434,37.57859235632939,55.63919,37.53832
165,1709027,3913028,2018-09-06 08:01:08.0000000 +03:00,2018-09-06 09:07:41.0000000 +03:00,"улица Введенского, Коньково, Москва, Россия","Лужнецкая набережная 2/4 стр 72, Хамовники, Москва, Россия",Россия,Москва,1709027,5EE3A642-0254-415C-94D0-43272864C279,55.63919,37.53832,55.71362,37.57202
166,1710256,3916491,2018-09-06 14:00:18.0000000 +03:00,2018-09-06 14:12:18.0000000 +03:00,"Лужнецкая набережная 2/4 стр 72, Хамовники, Москва, Россия","улица Ленинские Горы 1 стр 2А, Раменки, Москва, Россия",Россия,Москва,1710256,5EE3A642-0254-415C-94D0-43272864C279,55.71362,37.57202,55.69939,37.53098
167,1710550,3917233,2018-09-06 14:49:55.0000000 +03:00,2018-09-06 15:23:52.0000000 +03:00,"улица Ленинские Горы 1 стр 2А, Раменки, Москва, Россия","Лужнецкая набережная 10А стр 11, Хамовники, Москва, Россия",Россия,Москва,1710550,5EE3A642-0254-415C-94D0-43272864C279,55.69939,37.53098,55.71514,37.56644
168,1732473,3981275,2018-09-11 16:11:41.0000000 +03:00,2018-09-11 16:28:04.0000000 +03:00,"Лужнецкая набережная 10А стр 5, Хамовники, Москва, Россия","Ленинский проспект 88 корп 3, Ломоносовский, Москва, Россия",Россия,Москва,1732473,5EE3A642-0254-415C-94D0-43272864C279,55.71678346959475,37.56886616352719,55.67758,37.52535
169,1733746,3985071,2018-09-11 18:39:38.0000000 +03:00,2018-09-11 19:20:07.0000000 +03:00,"Ленинский проспект 88 корп 3, Ломоносовский, Москва, Россия","улица Миклухо-Маклая, Коньково, Москва, Россия",Россия,Москва,1733746,5EE3A642-0254-415C-94D0-43272864C279,55.67758,37.52535,55.63956,37.53778
170,1735507,3990184,2018-09-12 10:15:19.0000000 +03:00,2018-09-12 10:45:50.0000000 +03:00,"Профсоюзная улица 27 корп 1, Черёмушки, Москва, Россия","улица Лебедева, Раменки, Москва, Россия",Россия,Москва,1735507,5EE3A642-0254-415C-94D0-43272864C279,55.6739933611346,37.558764731663,55.69998,37.53202
171,1736696,3993385,2018-09-12 14:59:16.0000000 +03:00,2018-09-12 15:24:11.0000000 +03:00,"Профсоюзная улица 42 корп 4, Черёмушки, Москва, Россия","Лужнецкая набережная 2/4 стр 17, Хамовники, Москва, Россия",Россия,Москва,1736696,5EE3A642-0254-415C-94D0-43272864C279,55.67519,37.55572,55.71343,37.57318
172,1737840,3996562,2018-09-12 19:36:25.0000000 +03:00,2018-09-12 19:51:40.0000000 +03:00,"улица Косыгина 2, Гагаринский, Москва, Россия","Профсоюзная улица, Академический, Москва, Россия",Россия,Москва,1737840,5EE3A642-0254-415C-94D0-43272864C279,55.708053465984484,37.57787897255046,55.68485,37.57012
173,1741935,4008753,2018-09-13 18:07:49.0000000 +03:00,2018-09-13 18:24:39.0000000 +03:00,"Лужнецкая набережная 2/4 стр 1, Хамовники, Москва, Россия","Профсоюзная улица 8, Академический, Москва, Россия",Россия,Москва,1741935,5EE3A642-0254-415C-94D0-43272864C279,55.71297,37.56923,55.68642,37.5718
174,1746871,4023490,2018-09-14 19:08:30.0000000 +03:00,2018-09-14 19:22:08.0000000 +03:00,"Лужнецкая набережная 2 стр 81, Хамовники, Москва, Россия","Ленинский проспект 14, Донской, Москва, Россия",Россия,Москва,1746871,5EE3A642-0254-415C-94D0-43272864C279,55.71402,37.57216,55.71822,37.59598
175,1747492,4025505,2018-09-14 22:58:33.5215092 +03:00,2018-09-14 23:30:35.0000000 +03:00,"проспект 60 лет Октября 14 корп 1, Академический, Москва, Россия","улица Липовый парк 9, Коммунарка, Москва, Россия",Россия,Москва,1747492,5EE3A642-0254-415C-94D0-43272864C279,55.6909,37.57518,55.56757,37.48801
176,1749612,4031731,2018-09-15 12:33:42.0000000 +03:00,2018-09-15 13:01:04.0000000 +03:00,"улица Миклухо-Маклая 36А, Коньково, Москва, Россия","улица Марии Ульяновой 5, Ломоносовский, Москва, Россия",Россия,Москва,1749612,5EE3A642-0254-415C-94D0-43272864C279,55.64041,37.53253,55.67829,37.52395
177,1750230,4033697,2018-09-15 14:40:11.0000000 +03:00,2018-09-15 15:07:54.0000000 +03:00,"улица Марии Ульяновой 5, Ломоносовский, Москва, Россия","улица Миклухо-Маклая, Коньково, Москва, Россия",Россия,Москва,1750230,5EE3A642-0254-415C-94D0-43272864C279,55.67829,37.52395,55.63932,37.53788
178,1772893,4106671,2018-09-20 20:44:00.0000000 +03:00,2018-09-20 21:07:47.0000000 +03:00,"Профсоюзная улица 30, Черёмушки, Москва, Россия","Коньково, Москва, Россия",Россия,Москва,1772893,5EE3A642-0254-415C-94D0-43272864C279,55.67707554442405,37.56208344366174,55.63886,37.53838
179,1774307,4111547,2018-09-21 08:25:09.0000000 +03:00,2018-09-21 09:16:39.0000000 +03:00,"улица Миклухо-Маклая 40 корп 1, Коньково, Москва, Россия","Лужнецкая набережная 2/4 стр 78, Хамовники, Москва, Россия",Россия,Москва,1774307,5EE3A642-0254-415C-94D0-43272864C279,55.63886,37.53838,55.71384,37.56898
180,1811498,4148755,2018-09-23 17:35:07.0000000 +03:00,2018-09-23 18:21:43.0000000 +03:00,"улица Введенского, Коньково, Москва, Россия","улица Миклухо-Маклая 40 корп 1, Коньково, Москва, Россия",Россия,Москва,1811498,5EE3A642-0254-415C-94D0-43272864C279,55.63897,37.53785,55.63894,37.53889
181,1814726,4159832,2018-09-24 08:38:25.0000000 +03:00,2018-09-24 09:15:02.0000000 +03:00,"улица Миклухо-Маклая 40 корп 1, Коньково, Москва, Россия","улица Ленинские Горы 1 стр 2, Раменки, Москва, Россия",Россия,Москва,1814726,5EE3A642-0254-415C-94D0-43272864C279,55.63887,37.53843,55.69927,37.5278
182,1814792,4160057,2018-09-24 15:50:01.0000000 +03:00,2018-09-24 16:05:07.0000000 +03:00,"улица Ленинские Горы 1 стр 2, Раменки, Москва, Россия","Лужнецкая набережная 10А стр 18, Хамовники, Москва, Россия",Россия,Москва,1814792,5EE3A642-0254-415C-94D0-43272864C279,55.699158045515134,37.528030453284764,55.71439,37.56813
183,1815795,4163324,2018-09-24 19:52:06.0000000 +03:00,2018-09-24 20:17:01.0000000 +03:00,"Лужнецкая набережная 10А стр 18, Хамовники, Москва, Россия","Калужская площадь 1 стр 5, Якиманка, Москва, Россия",Россия,Москва,1815795,5EE3A642-0254-415C-94D0-43272864C279,55.714452239247166,37.567921675714366,55.72757,37.61276
184,1819131,4174213,2018-09-25 15:59:34.0000000 +03:00,2018-09-25 16:21:13.0000000 +03:00,"Лужнецкая набережная 2/4 стр 17, Хамовники, Москва, Россия","Ленинский проспект 88 корп 3, Ломоносовский, Москва, Россия",Россия,Москва,1819131,5EE3A642-0254-415C-94D0-43272864C279,55.71325,37.57266,55.67775,37.52501
185,1819156,4174278,2018-09-25 16:09:19.0000000 +03:00,2018-09-25 16:21:19.0000000 +03:00,"Ленинский проспект 52, Гагаринский, Москва, Россия","Ленинский проспект 88 корп 3, Ломоносовский, Москва, Россия",Россия,Москва,1819156,5EE3A642-0254-415C-94D0-43272864C279,55.69851473444672,37.56346813406568,55.67782,37.52488
186,1819595,4175706,2018-09-25 18:13:03.0000000 +03:00,2018-09-25 18:27:37.0000000 +03:00,"Ленинский проспект 88 корп 3, Ломоносовский, Москва, Россия","Ленинский проспект, Проспект Вернадского, Москва, Россия",Россия,Москва,1819595,5EE3A642-0254-415C-94D0-43272864C279,55.67782,37.52488,55.66454,37.5104
187,1820942,4126557,2018-09-22 09:22:16.0000000 +03:00,2018-09-22 10:06:10.0000000 +03:00,"Коньково, Москва, Россия","улица Маршала Тимошенко 27А, Кунцево, Москва, Россия",Россия,Москва,1820942,5EE3A642-0254-415C-94D0-43272864C279,55.63894,37.53888,55.75098,37.40511
188,1822029,4130571,2018-09-22 14:01:59.0000000 +03:00,2018-09-22 14:37:43.0000000 +03:00,"Профсоюзная улица 109В стр 4, Коньково, Москва, Россия","Ватутинки посёлок 28, Ватутинки посёлок, Москва, Россия",Россия,Москва,1822029,5EE3A642-0254-415C-94D0-43272864C279,55.63402,37.52174,55.50204,37.32792
189,1822178,4131129,2018-09-22 14:43:22.0000000 +03:00,2018-09-22 15:12:17.0000000 +03:00,"Ватутинки посёлок 28, Ватутинки посёлок, Москва, Россия","Москва, Россия",Россия,Москва,1822178,5EE3A642-0254-415C-94D0-43272864C279,55.50204,37.32792,55.38345,37.36317
190,1844306,4242410,2018-09-30 10:58:39.0000000 +03:00,2018-09-30 11:11:01.0000000 +03:00,"улица Миклухо-Маклая 40 корп 1, Коньково, Москва, Россия","Профсоюзная улица 27 корп 2 стр 3, Черёмушки, Москва, Россия",Россия,Москва,1844306,5EE3A642-0254-415C-94D0-43272864C279,55.63883,37.53822,55.673,37.56107
191,1844700,4243750,2018-09-30 12:38:46.0000000 +03:00,2018-09-30 12:51:37.0000000 +03:00,"Профсоюзная улица 27 корп 2 стр 3, Черёмушки, Москва, Россия","Донская улица 14 корп 1, Якиманка, Москва, Россия",Россия,Москва,1844700,5EE3A642-0254-415C-94D0-43272864C279,55.673,37.56107,55.7225,37.60524
192,1846421,4250095,2018-09-30 20:48:38.0000000 +03:00,2018-09-30 21:16:45.0000000 +03:00,"улица Кошкина 11, Москворечье-Сабурово, Москва, Россия","улица Введенского, Коньково, Москва, Россия",Россия,Москва,1846421,5EE3A642-0254-415C-94D0-43272864C279,55.64156091777202,37.670768396963986,55.63919,37.53789
193,1847590,4254488,2018-10-01 08:29:05.0000000 +03:00,2018-10-01 08:52:33.0000000 +03:00,"улица Введенского 10, Коньково, Москва, Россия","Ломоносовский проспект 4 корп 1, Гагаринский, Москва, Россия",Россия,Москва,1847590,5EE3A642-0254-415C-94D0-43272864C279,55.64464021944966,37.542705824633636,55.68655,37.5485
194,1847681,4254770,2018-10-01 09:01:32.0000000 +03:00,2018-10-01 09:11:32.0000000 +03:00,"Ломоносовский проспект 4 корп 1, Гагаринский, Москва, Россия","улица Лебедева, Раменки, Москва, Россия",Россия,Москва,1847681,5EE3A642-0254-415C-94D0-43272864C279,55.68655,37.5485,55.69864,37.5289
195,1849982,4263114,2018-10-01 17:51:00.0000000 +03:00,2018-10-01 18:43:15.0000000 +03:00,"Комсомольский проспект, Хамовники, Москва, Россия","улица Миклухо-Маклая 40 корп 1, Коньково, Москва, Россия",Россия,Москва,1849982,5EE3A642-0254-415C-94D0-43272864C279,55.70995,37.55865,55.63888,37.53911
196,1856029,4284508,2018-10-03 09:36:39.0000000 +03:00,2018-10-03 10:02:03.0000000 +03:00,"улица Миклухо-Маклая 40, Коньково, Москва, Россия","Ленинский проспект 81, Ломоносовский, Москва, Россия",Россия,Москва,1856029,5EE3A642-0254-415C-94D0-43272864C279,55.6388,37.53943,55.6837,37.53915
197,1856949,4287699,2018-10-03 13:53:19.0000000 +03:00,2018-10-03 14:01:04.0000000 +03:00,"улица Колмогорова, Раменки, Москва, Россия","площадь Джавахарлала Неру 1, Раменки, Москва, Россия",Россия,Москва,1856949,5EE3A642-0254-415C-94D0-43272864C279,55.69828,37.52955,55.69374,37.53403
198,1857051,4288156,2018-10-03 14:07:27.0000000 +03:00,2018-10-03 14:10:38.0000000 +03:00,"площадь Джавахарлала Неру 1, Раменки, Москва, Россия","Комсомольский проспект, Хамовники, Москва, Россия",Россия,Москва,1857051,5EE3A642-0254-415C-94D0-43272864C279,55.69374,37.53403,55.71149,37.56094
199,1857711,4290202,2018-10-03 16:37:17.0000000 +03:00,2018-10-03 16:37:43.0000000 +03:00,"Комсомольский проспект, Хамовники, Москва, Россия","Комсомольский проспект, Раменки, Москва, Россия",Россия,Москва,1857711,5EE3A642-0254-415C-94D0-43272864C279,55.71022579554187,37.559009691811426,55.70878,37.55706
200,1864117,4304332,2018-10-04 16:41:40.0000000 +03:00,2018-10-04 17:02:58.0000000 +03:00,"Профсоюзная улица 91, Коньково, Москва, Россия","Профсоюзная улица 29 корп 3, Черёмушки, Москва, Россия",Россия,Москва,1864117,5EE3A642-0254-415C-94D0-43272864C279,55.64157,37.52656,55.67247,37.56051
201,1933575,4375505,2018-10-09 16:26:14.0000000 +03:00,2018-10-09 17:01:25.0000000 +03:00,"улица Миклухо-Маклая 40, Коньково, Москва, Россия","улица Марии Ульяновой 5, Ломоносовский, Москва, Россия",Россия,Москва,1933575,5EE3A642-0254-415C-94D0-43272864C279,55.6388,37.53943,55.67818,37.52389
202,1934229,4383863,2018-10-09 21:27:52.0000000 +03:00,2018-10-09 21:52:55.0000000 +03:00,"Пролетарский проспект 21, Москворечье-Сабурово, Москва, Россия","Коньково, Москва, Россия",Россия,Москва,1934229,5EE3A642-0254-415C-94D0-43272864C279,55.63993,37.6552,55.63892,37.53871
203,1940881,4429504,2018-10-12 23:37:34.8161686 +03:00,2018-10-12 23:59:25.0000000 +03:00,"Ленинский проспект 10 корп 8, Якиманка, Москва, Россия","улица Миклухо-Маклая 55, Коньково, Москва, Россия",Россия,Москва,1940881,5EE3A642-0254-415C-94D0-43272864C279,55.72025,37.59854,55.6408,37.53284
204,1942936,4436681,2018-10-13 12:42:23.0000000 +03:00,2018-10-13 13:08:51.0000000 +03:00,"улица Миклухо-Маклая 55, Коньково, Москва, Россия","улица Марии Ульяновой 9 корп 3, Ломоносовский, Москва, Россия",Россия,Москва,1942936,5EE3A642-0254-415C-94D0-43272864C279,55.6408,37.53284,55.67812,37.52425
205,1970639,4538655,2018-10-19 23:30:26.0000000 +03:00,2018-10-19 23:49:10.0000000 +03:00,"Ленинский проспект 9, Якиманка, Москва, Россия","Коньково, Москва, Россия",Россия,Москва,1970639,5EE3A642-0254-415C-94D0-43272864C279,55.72445,37.60485,55.63888,37.5385
206,1970641,4538656,2018-10-19 17:18:10.0000000 +03:00,2018-10-19 17:48:11.0000000 +03:00,"улица Миклухо-Маклая 32, Коньково, Москва, Россия","Донская улица 14 корп 1, Якиманка, Москва, Россия",Россия,Москва,1970641,5EE3A642-0254-415C-94D0-43272864C279,55.640745693869555,37.532455595245146,55.72243,37.60515
207,1973496,4548430,2018-10-20 12:55:53.0000000 +03:00,2018-10-20 13:31:23.0000000 +03:00,"Коньково, Москва, Россия","улица Марии Ульяновой 3 корп 3, Ломоносовский, Москва, Россия",Россия,Москва,1973496,5EE3A642-0254-415C-94D0-43272864C279,55.63888,37.5385,55.67795,37.52461
208,1973499,4548413,2018-10-20 12:18:11.0000000 +03:00,2018-10-20 12:23:56.0000000 +03:00,"Профсоюзная улица, Коньково, Москва, Россия","улица Миклухо-Маклая 36А, Коньково, Москва, Россия",Россия,Москва,1973499,5EE3A642-0254-415C-94D0-43272864C279,55.64349374273386,37.52718941312053,55.64057,37.53368
209,1973500,4548414,2018-10-20 15:20:18.0000000 +03:00,2018-10-20 15:49:28.0000000 +03:00,"улица Марии Ульяновой 3 корп 3, Ломоносовский, Москва, Россия","Коньково, Москва, Россия",Россия,Москва,1973500,5EE3A642-0254-415C-94D0-43272864C279,55.67795,37.52461,55.63894,37.53883
210,1980057,4570513,2018-10-22 10:01:34.0000000 +03:00,2018-10-22 10:35:29.0000000 +03:00,"улица Миклухо-Маклая 36А, Коньково, Москва, Россия","улица Ленинские Горы 1 стр 2, Раменки, Москва, Россия",Россия,Москва,1980057,5EE3A642-0254-415C-94D0-43272864C279,55.63985,37.53271,55.69928,37.52778
211,1982725,4579111,2018-10-22 22:14:48.0000000 +03:00,2018-10-23 00:47:00.0000000 +03:00,"Коньково, Москва, Россия","Коньково, Москва, Россия",Россия,Москва,1982725,5EE3A642-0254-415C-94D0-43272864C279,55.63892,37.53869,55.63889,37.53856
212,2031865,4738155,2018-10-25 16:23:03.0000000 +03:00,2018-10-25 16:41:54.0000000 +03:00,"Коньково, Москва, Россия","Профсоюзная улица 27 корп 2, Черёмушки, Москва, Россия",Россия,Москва,2031865,5EE3A642-0254-415C-94D0-43272864C279,55.64175,37.52628,55.67368,37.56164
213,2031866,4738156,2018-10-25 18:25:25.0000000 +03:00,2018-10-25 18:53:05.0000000 +03:00,"Профсоюзная улица 27 корп 2, Черёмушки, Москва, Россия","Коньково, Москва, Россия",Россия,Москва,2031866,5EE3A642-0254-415C-94D0-43272864C279,55.67368,37.56164,55.63891,37.53865
214,2031868,4738157,2018-10-26 09:32:06.0000000 +03:00,2018-10-26 09:41:32.0000000 +03:00,"Коньково, Москва, Россия","улица Миклухо-Маклая 32 корп 1, Коньково, Москва, Россия",Россия,Москва,2031868,5EE3A642-0254-415C-94D0-43272864C279,55.63891,37.53865,55.64077,37.53077
215,1943521,4439108,2018-10-13 14:46:23.0000000 +03:00,2018-10-13 15:09:22.0000000 +03:00,"улица Марии Ульяновой 9 корп 3, Ломоносовский, Москва, Россия","улица Введенского 13Б стр 1, Коньково, Москва, Россия",Россия,Москва,1943521,5EE3A642-0254-415C-94D0-43272864C279,55.67812,37.52425,55.64186,37.54243
216,1944789,4443704,2018-10-13 19:53:56.0000000 +03:00,2018-10-13 19:58:54.0000000 +03:00,"улица Генерала Антонова 1, Коньково, Москва, Россия","Коньково, Москва, Россия",Россия,Москва,1944789,5EE3A642-0254-415C-94D0-43272864C279,55.64643,37.53236,55.63894,37.53883
217,1946862,4451204,2018-10-14 12:36:24.0000000 +03:00,2018-10-14 13:03:26.0000000 +03:00,"Коньково, Москва, Россия","Якиманка, Москва, Россия",Россия,Москва,1946862,5EE3A642-0254-415C-94D0-43272864C279,55.63894,37.53883,55.72248,37.60318
218,1968932,4532080,2018-10-19 15:27:55.0000000 +03:00,2018-10-19 15:36:43.0000000 +03:00,"Профсоюзная улица, Коньково, Москва, Россия","улица Введенского, Коньково, Москва, Россия",Россия,Москва,1968932,5EE3A642-0254-415C-94D0-43272864C279,55.64328,37.52751,55.63909,37.53806
219,1977662,4562632,2018-10-21 12:40:39.0000000 +03:00,2018-10-21 12:51:33.0000000 +03:00,"Профсоюзная улица, Черёмушки, Москва, Россия","Донская улица 16, Якиманка, Москва, Россия",Россия,Москва,1977662,5EE3A642-0254-415C-94D0-43272864C279,55.67742,37.56246,55.72217,37.60448
220,1977663,4562607,2018-10-21 10:52:17.0000000 +03:00,2018-10-21 11:02:07.0000000 +03:00,"улица Миклухо-Маклая 32, Коньково, Москва, Россия","Профсоюзная улица 29 корп 3, Черёмушки, Москва, Россия",Россия,Москва,1977663,5EE3A642-0254-415C-94D0-43272864C279,55.64073542603817,37.5323233288131,55.67282,37.56088
221,1977998,4563728,2018-10-21 18:00:14.0000000 +03:00,2018-10-21 18:32:47.0000000 +03:00,"Донская улица 16, Якиманка, Москва, Россия","улица Миклухо-Маклая 36А, Коньково, Москва, Россия",Россия,Москва,1977998,5EE3A642-0254-415C-94D0-43272864C279,55.72217,37.60448,55.63985,37.53271
222,1981584,4575171,2018-10-22 16:19:30.0000000 +03:00,2018-10-22 16:53:37.0000000 +03:00,"улица Ленинские Горы 1 стр 2, Раменки, Москва, Россия","Коньково, Москва, Россия",Россия,Москва,1981584,5EE3A642-0254-415C-94D0-43272864C279,55.69928,37.52778,55.63892,37.53869
223,1987189,4593241,2018-10-23 16:50:15.0000000 +03:00,2018-10-23 17:09:50.0000000 +03:00,"Профсоюзная улица 91, Коньково, Москва, Россия","Ленинский проспект 95 корп 2, Ломоносовский, Москва, Россия",Россия,Москва,1987189,5EE3A642-0254-415C-94D0-43272864C279,55.64185,37.52672,55.67337,37.52743
224,1987190,4593242,2018-10-23 18:54:50.0000000 +03:00,2018-10-23 19:43:12.0000000 +03:00,"Ленинский проспект 95 корп 2, Ломоносовский, Москва, Россия","улица Кошкина 14А, Москворечье-Сабурово, Москва, Россия",Россия,Москва,1987190,5EE3A642-0254-415C-94D0-43272864C279,55.67337,37.52743,55.63781,37.67231
