,Id,TrackToken,DeviceToken,IncomingTrackId,StartDate,EndDate,Distance,Duration,AccelerationCount,DecelerationCount,Rating,PhoneUsage,TrackOrigin,OriginChanged,AddressStart,AddressFinish,DistanceGPS,Urban,Region,Country,RatingOverSpeed,RatingAcceleration,RatingTimeOfDay,RatingPhoneUsage,OverSpeedMileage,MidOverSpeedMileage,HighOverSpeedMileage,OriginalTrackOrigin,CompanyId,RushHours,NightHours,DailyHours,RatingDeceleration,KOverSpeed,KAcceleration,KTimeOfDay,KDeceleration,MaxSpeed,AverageSpeed,PhoneUsageOverSpeed,PhoneUsageKm,PhoneUsageOverSpeedKm,KPhoneUsage,Prediction,EcoScoringFuel,EcoScoringTyres,EcoScoringBrakes,EcoScoringDepreciation,EcoScoring,Shared,CityStart,CityFinish,UpdateDT
0,1651786,5735CCE7-CDB2-4537-8C8C-CEEE2F80D876,5EE3A642-0254-415C-94D0-43272864C279,3750023,2018-08-23 13:42:34.000000,2018-08-23 14:09:54,11.09221863,27.33333333,0,1,3,2.75,OriginalDriver,False,"Хамовники, Москва, Россия","улица Миклухо-Маклая 40 корп 1, Коньково, Москва, Россия",11.151,True,Москва,Россия,5,5,5,3,0.08900000000000001,0.0,0.0,,1055,0.0,0.0,27.33333397,4,1.0,1.0,1.0,0.8999999759999999,60.12000275,37.44574133,0.0,1.734,0.0,0.660000026,,100,100,100,100,100.00000759999999,0,Москва,Москва,2001-01-01 00:00:00.000000
1,1654839,66C8E384-A368-40C4-9D72-5A15D951F4A1,5EE3A642-0254-415C-94D0-43272864C279,3758144,2018-08-24 08:20:01.000000,2018-08-24 08:46:09,9.877571547999999,26.13333333,1,0,3,1.45,OriginalDriver,False,"улица Миклухо-Маклая 40 корп 1, Коньково, Москва, Россия","проспект Вернадского 3А, Гагаринский, Москва, Россия",10.482000000000001,True,Москва,Россия,5,4,3,4,0.603,0.0,0.0,,1055,26.13333321,0.0,0.0,5,1.0,0.8999999759999999,0.800000012,1.0,62.71199799,37.15044523,0.0,0.44299999999999995,0.0,0.939999998,,100,100,100,100,100.00000759999999,0,Москва,Москва,2001-01-01 00:00:00.000000
2,1656200,E6CB3E89-E251-4183-A890-BB4380E9F96A,5EE3A642-0254-415C-94D0-43272864C279,3761703,2018-08-24 13:44:43.000000,2018-08-24 14:07:52,5.164464376000001,23.15,0,0,5,0.05,OriginalDriver,False,"Профсоюзная улица 44, Черёмушки, Москва, Россия","улица Миклухо-Маклая 40, Коньково, Москва, Россия",5.1080000000000005,True,Москва,Россия,5,5,5,5,0.44799999999999995,0.0,0.0,,1055,0.0,0.0,23.14999962,5,1.0,1.0,1.0,1.0,67.17599487,35.44021412,0.0,0.076,0.0,1.0,,100,100,100,75,92.5,0,Москва,Москва,2001-01-01 00:00:00.000000
3,1657730,3636DCE8-2AFF-41F2-9C83-4E45451E7CC1,5EE3A642-0254-415C-94D0-43272864C279,3765578,2018-08-24 19:20:13.000000,2018-08-24 19:49:08,11.73809356,28.91666667,0,0,3,4.133333333,OriginalDriver,False,"улица Миклухо-Маклая 40, Коньково, Москва, Россия","Донская улица 14 корп 1, Якиманка, Москва, Россия",12.433,True,Москва,Россия,5,5,3,3,2.5860000000000003,0.11699999999999999,0.0,,1055,28.91666603,0.0,0.0,5,1.0,1.0,0.800000012,1.0,73.0799942,39.14646999,0.0,1.649,0.0,0.699999988,,100,100,100,50,85.00000763,0,Москва,Москва,2001-01-01 00:00:00.000000
4,1658201,4E4FDD52-F257-43F2-8E27-59F030E68503,5EE3A642-0254-415C-94D0-43272864C279,3767420,2018-08-24 23:27:32.000000,2018-08-24 23:38:12,6.475946261,10.66666667,0,0,4,2.483333333,OriginalDriver,False,"Профсоюзная улица, Академический, Москва, Россия","улица Миклухо-Маклая 40 корп 1, Коньково, Москва, Россия",6.415,True,Москва,Россия,5,5,5,4,0.44799999999999995,0.0,0.0,,1055,0.0,0.0,10.66666698,5,1.0,1.0,1.0,1.0,67.31999969,44.11420299,0.0,0.588,0.0,0.800000012,,100,100,100,50,85.00000763,0,Москва,Москва,2001-01-01 00:00:00.000000
5,1661036,0AF79440-B165-41E3-8C6A-4874BD8F60F8,5EE3A642-0254-415C-94D0-43272864C279,3776094,2018-08-25 15:37:46.000000,2018-08-25 15:41:54,1.568998991,4.133333333,0,0,2,0.6,OriginalDriver,False,"улица Бутлерова 19А стр 1, Коньково, Москва, Россия","улица Миклухо-Маклая 55, Коньково, Москва, Россия",1.5019999999999998,True,Москва,Россия,5,5,5,1,0.0,0.0,0.0,,1055,0.0,0.0,4.1333332060000005,5,1.0,1.0,1.0,1.0,58.2480011,35.52299935,0.0,0.484,0.0,0.379999995,,100,100,100,100,100.00000759999999,0,Москва,Москва,2001-01-01 00:00:00.000000
6,1662232,4EB19256-B04F-4D3A-A032-FBD33AEF3A40,5EE3A642-0254-415C-94D0-43272864C279,3779672,2018-08-25 15:55:59.000000,2018-08-25 16:38:12,42.76954618,42.21666667,0,0,2,0.5166666670000001,OriginalDriver,False,"улица Миклухо-Маклая 55, Коньково, Москва, Россия","Москва, Россия",42.716,False,Москва,Россия,1,5,5,5,11.421,6.885,6.962000000000001,,1055,0.0,0.0,42.21666718,5,0.200000003,1.0,1.0,1.0,117.0,75.89291761,0.0,0.473,0.0,1.0,,0,100,100,25,17.5,0,Москва,Москва,2001-01-01 00:00:00.000000
7,1663760,D50E0050-C027-4281-B48D-8747D8CBF4B7,5EE3A642-0254-415C-94D0-43272864C279,3785982,2018-08-26 10:46:44.000000,2018-08-26 11:14:42,30.73628549,27.96666667,1,2,1,3.0333333330000003,OriginalDriver,False,"Калужское шоссе 1В, Красная Пахра посёлок, Москва, Россия","улица Миклухо-Маклая 40 корп 1, Коньково, Москва, Россия",30.174,False,Москва,Россия,1,5,5,4,8.524,8.37,4.069,,1055,0.0,0.0,27.96666718,4,0.200000003,1.0,1.0,0.8999999759999999,117.5039978,70.9234343,0.6,2.911,0.8,0.800000012,,0,100,100,50,25.0,0,Москва,Москва,2001-01-01 00:00:00.000000
8,1663820,4651CD5E-ABC4-41B9-895A-1DAF47751099,5EE3A642-0254-415C-94D0-43272864C279,3786146,2018-08-26 11:21:04.000000,2018-08-26 11:33:44,4.688970333,12.66666667,0,0,4,0.7,OriginalDriver,False,"улица Миклухо-Маклая 40 корп 1, Коньково, Москва, Россия","Профсоюзная улица 29 корп 3, Черёмушки, Москва, Россия",5.181,True,Москва,Россия,5,5,5,4,2.5869999999999997,0.16899999999999998,0.0,,1055,0.0,0.0,12.66666698,5,1.0,1.0,1.0,1.0,73.36799622,41.15264903,0.0,0.45899999999999996,0.0,0.8199999929999999,,100,100,100,50,85.00000763,0,Москва,Москва,2001-01-01 00:00:00.000000
9,1664315,D4311228-80A6-4FFA-BA14-F30BEB9F3D16,5EE3A642-0254-415C-94D0-43272864C279,3787915,2018-08-26 13:17:00.000000,2018-08-26 13:32:34,5.63390233,15.56666667,0,1,2,2.2,OriginalDriver,False,"Профсоюзная улица 29 корп 3, Черёмушки, Москва, Россия","Коньково, Москва, Россия",6.582999999999999,True,Москва,Россия,5,5,5,2,1.0959999999999999,0.0,0.0,,1055,0.0,0.0,15.5666666,4,1.0,1.0,1.0,0.8999999759999999,69.37200165,42.84882152,0.0,1.656,0.0,0.47999998899999996,,100,100,100,25,77.50000763,0,Москва,Москва,2001-01-01 00:00:00.000000
10,1664413,E40AE149-5599-4E65-A3EA-F99809718B61,5EE3A642-0254-415C-94D0-43272864C279,3788528,2018-08-26 13:55:51.000000,2018-08-26 14:00:46,0.38201171,4.916666667,0,0,3,1.083333333,OriginalDriver,False,"Коньково, Москва, Россия","улица Миклухо-Маклая 51, Коньково, Москва, Россия",1.375,True,Москва,Россия,5,5,5,3,1.143,0.0,0.0,,1055,0.0,0.0,4.9166665080000005,5,1.0,1.0,1.0,1.0,32.86800003,13.60625767,0.0,0.145,0.0,0.7699999809999999,,100,100,100,25,77.50000763,0,Москва,Москва,2001-01-01 00:00:00.000000
11,1665983,1D3E607A-DEE3-4144-8D6F-7672CF8D47F4,5EE3A642-0254-415C-94D0-43272864C279,3793010,2018-08-26 22:28:07.000000,2018-08-26 22:38:00,1.317304176,9.883333333,0,0,5,0.0,OriginalDriver,False,"Коньково, Москва, Россия","улица Миклухо-Маклая 40 корп 1, Коньково, Москва, Россия",1.268,True,Москва,Россия,5,5,5,5,0.048,0.0,0.0,,1055,0.0,0.0,9.883333206,5,1.0,1.0,1.0,1.0,49.787998200000004,16.90951236,0.0,0.01,0.0,1.0,,100,100,100,25,77.50000763,0,Москва,Москва,2001-01-01 00:00:00.000000
12,1667147,95DE5F9E-BA1E-43BD-94D6-A8984CE3253F,5EE3A642-0254-415C-94D0-43272864C279,3796205,2018-08-27 08:15:38.000000,2018-08-27 08:55:35,12.6511996,39.95,0,0,4,0.9,OriginalDriver,False,"улица Миклухо-Маклая 40 корп 1, Коньково, Москва, Россия","Лужнецкая набережная 2/4 стр 46, Хамовники, Москва, Россия",13.548,True,Москва,Россия,5,5,3,5,0.82,0.0,0.0,,1055,39.95000076,0.0,0.0,5,1.0,1.0,0.800000012,1.0,65.52000427,34.36277585,0.0,0.069,0.0,1.0,,100,100,100,100,100.00000759999999,0,Москва,Москва,2001-01-01 00:00:00.000000
13,1668543,F0C6D054-69D1-4751-B359-22E85F019FD1,5EE3A642-0254-415C-94D0-43272864C279,3799869,2018-08-27 14:10:53.000000,2018-08-27 14:35:12,9.079714182,24.31666667,0,1,4,0.0,OriginalDriver,False,"улица Косыгина 2, Гагаринский, Москва, Россия","Коньково, Москва, Россия",9.857000000000001,True,Москва,Россия,5,5,5,5,0.56,0.0,0.0,,1055,0.0,0.0,24.31666756,4,1.0,1.0,1.0,0.8999999759999999,71.38800049,38.20346787,0.0,0.0,0.0,1.0,,100,100,100,75,92.5,0,Москва,Москва,2001-01-01 00:00:00.000000
14,1671245,26AD44E6-CFB0-4391-A24D-A14238F94C77,5EE3A642-0254-415C-94D0-43272864C279,3807638,2018-08-28 08:18:29.000000,2018-08-28 08:51:55,10.83407729,33.43333333,0,0,3,3.05,OriginalDriver,False,"улица Миклухо-Маклая 32, Коньково, Москва, Россия","Лужнецкая набережная 2/4 стр 1, Хамовники, Москва, Россия",12.93,True,Москва,Россия,5,5,3,3,0.512,0.0,0.0,,1055,33.43333435,0.0,0.0,5,1.0,1.0,0.800000012,1.0,71.27999878,38.44530347,0.0,1.72,0.0,0.699999988,,100,100,100,100,100.00000759999999,0,Москва,Москва,2001-01-01 00:00:00.000000
15,1672505,8FE07962-E1BD-4297-AD54-B46471F85DAB,5EE3A642-0254-415C-94D0-43272864C279,3810920,2018-08-28 13:41:04.000000,2018-08-28 14:09:58,10.80429989,28.9,0,0,5,0.583333333,OriginalDriver,False,"Лужнецкая набережная 2/4 стр 1, Хамовники, Москва, Россия","улица Миклухо-Маклая 40 корп 1, Коньково, Москва, Россия",11.507,True,Москва,Россия,5,5,5,5,0.0,0.0,0.0,,1055,0.0,0.0,28.89999962,5,1.0,1.0,1.0,1.0,58.7519989,37.763408899999995,0.0,0.193,0.0,1.0,,100,100,100,75,92.5,0,Москва,Москва,2001-01-01 00:00:00.000000
16,1675480,B6B09537-103C-462F-833D-144428E61506,5EE3A642-0254-415C-94D0-43272864C279,3818935,2018-08-29 08:32:06.000000,2018-08-29 09:11:35,12.03724183,39.48333333,0,2,3,0.18333333300000001,OriginalDriver,False,"улица Миклухо-Маклая 40 корп 1, Коньково, Москва, Россия","Лужнецкая набережная 2/4 стр 78, Хамовники, Москва, Россия",13.605,True,Москва,Россия,5,5,3,5,0.92,0.0,0.0,,1055,39.48333359,0.0,0.0,3,1.0,1.0,0.800000012,0.800000012,66.16799164,35.70638762,0.0,0.057999999999999996,0.0,1.0,,100,100,100,100,100.00000759999999,0,Москва,Москва,2001-01-01 00:00:00.000000
17,1676663,666385FE-F059-4E44-BF57-3D4A48929358,5EE3A642-0254-415C-94D0-43272864C279,3822347,2018-08-29 14:07:17.000000,2018-08-29 14:33:14,9.595506231,25.95,0,0,5,0.0,OriginalDriver,False,"Лужнецкая набережная 2/4 стр 78, Хамовники, Москва, Россия","Коньково, Москва, Россия",11.589,True,Москва,Россия,5,5,5,5,0.076,0.0,0.0,,1055,0.0,0.0,25.95000076,5,1.0,1.0,1.0,1.0,52.91999817,35.65499912,0.0,0.0,0.0,1.0,,100,100,100,50,85.00000763,0,Москва,Москва,2001-01-01 00:00:00.000000
18,1678304,076B1670-320E-455E-8A99-F36329FE9F1A,5EE3A642-0254-415C-94D0-43272864C279,3827544,2018-08-29 22:56:41.000000,2018-08-29 23:50:13,24.40158631,53.53333333,0,0,4,0.0,OriginalDriver,False,"Профсоюзная улица, Коньково, Москва, Россия","улица Введенского, Коньково, Москва, Россия",24.084,False,Москва,Россия,4,5,5,5,4.8919999999999995,0.5579999999999999,0.21100000000000002,,1055,0.0,0.0,53.53333282,5,0.800000012,1.0,1.0,1.0,93.92399597,43.46701083,0.0,0.091,0.0,1.0,,0,100,100,25,17.5,0,Москва,Москва,2001-01-01 00:00:00.000000
19,1679477,DF5432C1-0C40-4B12-BA22-151B0243C7EA,5EE3A642-0254-415C-94D0-43272864C279,3830565,2018-08-30 08:23:09.000000,2018-08-30 09:05:11,12.99953757,42.03333333,0,0,3,0.9,OriginalDriver,False,"улица Введенского, Коньково, Москва, Россия","Лужнецкая набережная 2/4 стр 71, Хамовники, Москва, Россия",13.370999999999999,True,Москва,Россия,4,5,3,5,1.004,0.045,0.166,,1055,42.03333282,0.0,0.0,5,0.800000012,1.0,0.800000012,1.0,62.31599808,31.45955544,0.0,0.185,0.0,1.0,,100,100,100,100,100.00000759999999,0,Москва,Москва,2001-01-01 00:00:00.000000
20,1680749,5637EDB0-5673-46A4-8B2E-028153C7EF44,5EE3A642-0254-415C-94D0-43272864C279,3833911,2018-08-30 13:44:30.000000,2018-08-30 14:16:51,9.671167882999999,32.35,0,0,5,0.05,OriginalDriver,False,"Лужнецкая набережная 2/4 стр 71, Хамовники, Москва, Россия","улица Миклухо-Маклая 36 корп 1, Коньково, Москва, Россия",12.002,True,Москва,Россия,5,5,5,5,0.203,0.0,0.0,,1055,0.0,0.0,32.34999847,5,1.0,1.0,1.0,1.0,61.84799957,33.23947014,0.0,0.0,0.0,1.0,,100,100,100,50,85.00000763,0,Москва,Москва,2001-01-01 00:00:00.000000
21,1681424,FFE4CB19-C522-48CE-8F6F-1D490BC269B4,5EE3A642-0254-415C-94D0-43272864C279,3835794,2018-08-30 16:53:33.000000,2018-08-30 16:59:14,1.0650687970000001,5.683333332999999,0,0,5,0.0,OriginalDriver,False,"улица Миклухо-Маклая 36 корп 1, Коньково, Москва, Россия","Профсоюзная улица 85 корп 1 стр 1, Коньково, Москва, Россия",1.4,True,Москва,Россия,5,5,5,5,0.0,0.0,0.0,,1055,0.0,0.0,5.683333397,5,1.0,1.0,1.0,1.0,43.52399826,27.97321952,0.0,0.0,0.0,1.0,,100,100,100,50,85.00000763,0,Москва,Москва,2001-01-01 00:00:00.000000
22,1682329,297D83A0-813A-4056-A3BA-6C4497559BC7,5EE3A642-0254-415C-94D0-43272864C279,3838174,2018-08-30 20:59:19.000000,2018-08-30 21:03:37,1.319903067,4.3,0,0,5,0.0,OriginalDriver,False,"Профсоюзная улица 102 стр 1, Коньково, Москва, Россия","улица Бутлерова 26, Коньково, Москва, Россия",1.422,True,Москва,Россия,5,5,5,5,0.0,0.0,0.0,,1055,0.649999976,0.0,3.650000095,5,1.0,1.0,0.9954993129999999,1.0,51.26399612,26.65999908,0.0,0.0,0.0,1.0,,100,100,100,50,85.00000763,0,Москва,Москва,2001-01-01 00:00:00.000000
23,1682446,98FAF057-B061-4E13-A412-809622EF07AC,5EE3A642-0254-415C-94D0-43272864C279,3838507,2018-08-30 21:55:41.000000,2018-08-30 22:15:51,10.77572404,20.16666667,0,0,5,0.0,OriginalDriver,False,"улица Бутлерова 26, Коньково, Москва, Россия","проезд Апакова, Якиманка, Москва, Россия",12.440999999999999,True,Москва,Россия,5,5,5,5,1.588,0.0,0.0,,1055,0.0,0.0,20.16666603,5,1.0,1.0,1.0,1.0,65.26799774,44.82940365,0.0,0.0,0.0,1.0,,100,100,100,25,77.50000763,0,Москва,Москва,2001-01-01 00:00:00.000000
24,1682550,8D688C42-6110-4498-A09E-7D74D7751897,5EE3A642-0254-415C-94D0-43272864C279,3838820,2018-08-30 22:52:22.000000,2018-08-30 23:55:16,32.05191037,62.9,0,0,4,2.6,OriginalDriver,False,"проезд Апакова, Якиманка, Москва, Россия","улица Введенского, Коньково, Москва, Россия",31.693,False,Москва,Россия,5,5,5,4,6.152,0.27399999999999997,0.0,,1055,0.0,0.0,62.90000153,5,1.0,1.0,1.0,1.0,90.10800171,44.12989752,0.0,1.3330000000000002,0.0,0.939999998,,0,100,100,0,10.0,0,Москва,Москва,2001-01-01 00:00:00.000000
25,1683761,BB136E0A-F917-4EFC-A23F-2CAEEF0BC598,5EE3A642-0254-415C-94D0-43272864C279,3842195,2018-08-31 08:25:15.000000,2018-08-31 09:05:05,12.03778937,39.83333333,0,0,4,1.3666666669999998,OriginalDriver,False,"улица Введенского, Коньково, Москва, Россия","Лужнецкая набережная 2/4 стр 17, Хамовники, Москва, Россия",12.647,True,Москва,Россия,5,5,3,5,0.9390000000000001,0.302,0.0,,1055,39.83333206,0.0,0.0,5,1.0,1.0,0.800000012,1.0,62.67599869,31.84329213,0.0,0.142,0.0,1.0,,100,100,100,100,100.00000759999999,0,Москва,Москва,2001-01-01 00:00:00.000000
26,1685146,B481194C-22B8-4C12-8B3A-A9DB14D92273,5EE3A642-0254-415C-94D0-43272864C279,3845680,2018-08-31 14:03:51.000000,2018-08-31 14:34:07,10.47536045,30.26666667,0,0,5,0.0,OriginalDriver,False,"3-е Транспортное кольцо, Хамовники, Москва, Россия","улица Миклухо-Маклая 40 корп 1, Коньково, Москва, Россия",10.28,True,Москва,Россия,5,5,5,5,0.025,0.0,0.0,,1055,0.0,0.0,30.26666641,5,1.0,1.0,1.0,1.0,57.23999786,31.71241979,0.0,0.0,0.0,1.0,,100,100,100,75,92.5,0,Москва,Москва,2001-01-01 00:00:00.000000
27,1686264,68F8000A-9F9D-4AFA-BC15-A232557E6292,5EE3A642-0254-415C-94D0-43272864C279,3848600,2018-08-31 17:58:04.000000,2018-08-31 18:32:17,11.61818379,34.21666667,0,0,4,0.55,OriginalDriver,False,"улица Миклухо-Маклая 40 корп 1, Коньково, Москва, Россия","улица Шаболовка 2 стр 1, Якиманка, Москва, Россия",11.93,True,Москва,Россия,5,5,3,5,1.725,0.0,0.0,,1055,34.21666718,0.0,0.0,5,1.0,1.0,0.800000012,1.0,65.19599915,33.31499442,0.0,0.188,0.0,1.0,,100,100,100,50,85.00000763,0,Москва,Москва,2001-01-01 00:00:00.000000
28,1693305,0C6E1109-906C-4B03-A766-E4590B9B05A7,5EE3A642-0254-415C-94D0-43272864C279,3868865,2018-09-02 12:52:21.000000,2018-09-02 13:14:52,9.92695248,22.51666667,0,1,3,3.3,OriginalDriver,False,"улица Миклухо-Маклая 40 корп 1, Коньково, Москва, Россия","Донская улица 16, Якиманка, Москва, Россия",11.254000000000001,True,Москва,Россия,5,5,5,3,0.8690000000000001,0.0,0.0,,1055,0.0,0.0,22.51666641,4,1.0,1.0,1.0,0.8999999759999999,67.57199859999999,39.2089426,0.0,1.686,0.0,0.6800000070000001,,100,100,100,100,100.00000759999999,0,Москва,Москва,2001-01-01 00:00:00.000000
29,1694586,5C3AD4AA-6E57-4076-B314-51E9227E4E34,5EE3A642-0254-415C-94D0-43272864C279,3872373,2018-09-02 18:14:25.233644,2018-09-02 18:28:09,5.193443828,13.72943927,0,0,5,0.083333333,OriginalDriver,False,"Профсоюзная улица 3, Академический, Москва, Россия","улица Миклухо-Маклая 57, Коньково, Москва, Россия",6.228,True,Москва,Россия,5,5,5,5,0.743,0.0,0.0,,1055,0.0,0.0,13.72943974,5,1.0,1.0,1.0,1.0,70.19999695,38.66097227,0.0,0.03,0.0,1.0,,100,100,100,75,92.5,0,Москва,Москва,2001-01-01 00:00:00.000000
30,1694768,37DE487B-E108-486E-B87A-D386D1D7E25D,5EE3A642-0254-415C-94D0-43272864C279,3872887,2018-09-02 19:10:34.000000,2018-09-02 19:20:06,0.766098783,9.533333333,0,0,5,0.0,OriginalDriver,False,"улица Миклухо-Маклая 57, Коньково, Москва, Россия","Коньково, Москва, Россия",1.7209999999999999,True,Москва,Россия,5,5,5,5,0.038,0.0,0.0,,1055,0.0,0.0,9.533333778,5,1.0,1.0,1.0,1.0,47.95199585,17.20255654,0.0,0.0,0.0,1.0,,100,100,100,75,92.5,0,Москва,Москва,2001-01-01 00:00:00.000000
31,1695030,9FDE9A1F-567B-4D98-903C-472329C87D66,5EE3A642-0254-415C-94D0-43272864C279,3873767,2018-09-02 20:38:04.000000,2018-09-02 21:05:11,5.679291732,27.11666667,0,0,4,2.05,OriginalDriver,False,"улица Введенского, Коньково, Москва, Россия","улица Земляной вал 29, Басманный, Москва, Россия",15.380999999999998,True,Москва,Россия,5,5,5,4,0.195,0.0,0.0,,1055,0.0,0.0,27.11666679,5,1.0,1.0,1.0,1.0,61.56000137,41.90997485,0.0,1.521,0.0,0.800000012,,100,100,100,50,85.00000763,0,Москва,Москва,2001-01-01 00:00:00.000000
32,1695125,73D2493F-D291-466E-8755-B2B99D370964,5EE3A642-0254-415C-94D0-43272864C279,3874052,2018-09-02 21:34:23.000000,2018-09-02 22:09:54,12.28721327,35.51666667,0,0,3,3.633333333,OriginalDriver,False,"улица Земляной вал 29, Басманный, Москва, Россия","улица Миклухо-Маклая, Коньково, Москва, Россия",17.406,True,Москва,Россия,5,5,5,3,4.624,0.0,0.0,,1055,0.0,0.0,35.51666641,5,1.0,1.0,1.0,1.0,70.27200317,46.61741357,0.0,2.5069999999999997,0.0,0.6800000070000001,,100,100,100,25,77.50000763,0,Москва,Москва,2001-01-01 00:00:00.000000
33,1696202,4522FA39-3524-4994-8298-AF014C5541A0,5EE3A642-0254-415C-94D0-43272864C279,3877189,2018-09-03 07:55:10.000000,2018-09-03 08:31:53,13.06306778,36.71666667,0,0,3,1.3,OriginalDriver,False,"улица Миклухо-Маклая 32, Коньково, Москва, Россия","Лужнецкая набережная 2/4 стр 46, Хамовники, Москва, Россия",12.856,True,Москва,Россия,5,5,3,4,0.557,0.0,0.0,,1055,32.70000076,0.0,4.016666889,5,1.0,1.0,0.805413842,1.0,64.22399902,33.63731669,0.0,0.5,0.0,0.970000029,,100,100,100,100,100.00000759999999,0,Москва,Москва,2001-01-01 00:00:00.000000
34,1697101,1038FE92-AC08-4317-A959-EABA5B703FE9,5EE3A642-0254-415C-94D0-43272864C279,3879527,2018-09-03 12:11:01.000000,2018-09-03 12:29:35,5.183195053,18.56666667,0,0,4,0.65,OriginalDriver,False,"Лужнецкая набережная 2/4 стр 46, Хамовники, Москва, Россия","улица Колмогорова, Раменки, Москва, Россия",5.445,True,Москва,Россия,4,5,5,4,0.511,0.175,0.07,,1055,0.0,0.0,18.56666756,5,0.800000012,1.0,1.0,1.0,66.63600159,31.91658461,0.0,0.303,0.0,0.910000026,,100,100,100,75,92.5,0,Москва,Москва,2001-01-01 00:00:00.000000
35,1697464,8D82DD0C-1687-4054-97AF-00C8854E0991,5EE3A642-0254-415C-94D0-43272864C279,3880543,2018-09-03 13:23:30.000000,2018-09-03 13:58:08,9.770092718999999,34.63333333,0,0,4,1.533333333,OriginalDriver,False,"улица Колмогорова, Раменки, Москва, Россия","Профсоюзная улица 102/47, Коньково, Москва, Россия",10.287,True,Москва,Россия,5,5,5,4,0.6459999999999999,0.047,0.079,,1055,0.0,0.0,34.63333511,5,1.0,1.0,1.0,1.0,69.55199432,32.012005800000004,0.0,0.604,0.0,0.910000026,,100,100,100,50,85.00000763,0,Москва,Москва,2001-01-01 00:00:00.000000
36,1697644,8693D168-E9A6-4605-9E41-F8B46D3C314E,5EE3A642-0254-415C-94D0-43272864C279,3880967,2018-09-03 14:35:31.000000,2018-09-03 14:41:10,0.596986826,5.65,0,0,4,0.6166666670000001,OriginalDriver,False,"Профсоюзная улица 102/47, Коньково, Москва, Россия","улица Миклухо-Маклая 40, Коньково, Москва, Россия",1.367,True,Москва,Россия,5,5,5,4,0.037000000000000005,0.0,0.0,,1055,0.0,0.0,5.650000095,5,1.0,1.0,1.0,1.0,47.80799866,19.54217594,0.0,0.11900000000000001,0.0,0.8199999929999999,,100,100,100,50,85.00000763,0,Москва,Москва,2001-01-01 00:00:00.000000
37,1700442,F203D4DC-0505-4D47-BFEF-431AE1D76BAC,5EE3A642-0254-415C-94D0-43272864C279,3889001,2018-09-04 08:01:35.000000,2018-09-04 08:48:34,8.85593582,46.98333333,0,0,3,3.316666667,OriginalDriver,False,"улица Миклухо-Маклая 40, Коньково, Москва, Россия","Университетский проспект, Гагаринский, Москва, Россия",9.634,True,Москва,Россия,5,5,3,4,0.307,0.0,0.0,,1055,46.98333359,0.0,0.0,5,1.0,1.0,0.800000012,1.0,64.58399963,23.37313265,0.0,0.43700000000000006,0.0,0.939999998,,100,100,100,100,100.00000759999999,0,Москва,Москва,2001-01-01 00:00:00.000000
38,1700511,0BD513BF-CC4E-42E9-87B1-B0FBA1D8D5F5,5EE3A642-0254-415C-94D0-43272864C279,3889190,2018-09-04 08:57:29.000000,2018-09-04 09:05:10,1.3422263069999998,7.683333332999999,0,0,2,1.05,OriginalDriver,False,"улица Хамовнический вал 18, Хамовники, Москва, Россия","Лужнецкая набережная 2/4 стр 73, Хамовники, Москва, Россия",1.49,True,Москва,Россия,5,5,3,2,0.0,0.0,0.0,,1055,7.683333397,0.0,0.0,5,1.0,1.0,0.800000012,1.0,47.51999664,14.278953099999999,0.0,0.368,0.0,0.49000001,,100,100,100,100,100.00000759999999,0,Москва,Москва,2001-01-01 00:00:00.000000
39,1702332,C0C99816-E3A9-4FE5-BA66-E4720454AE10,5EE3A642-0254-415C-94D0-43272864C279,3894071,2018-09-04 16:11:26.000000,2018-09-04 16:45:27,7.451065925,34.01666667,0,0,4,2.983333333,OriginalDriver,False,"Лужнецкая набережная 2/4 стр 73, Хамовники, Москва, Россия","Профсоюзная улица 27 корп 2 стр 1, Черёмушки, Москва, Россия",8.32,True,Москва,Россия,5,5,5,4,0.1,0.0,0.0,,1055,0.0,0.0,34.01666641,5,1.0,1.0,1.0,1.0,50.57999802,19.504378699999997,0.0,0.5760000000000001,0.0,0.879999995,,100,100,100,75,92.5,0,Москва,Москва,2001-01-01 00:00:00.000000
40,1703021,32FD5C71-2A66-436D-8829-245CD7D5929D,5EE3A642-0254-415C-94D0-43272864C279,3895889,2018-09-04 18:58:15.000000,2018-09-04 19:27:43,5.54807715,29.46666667,0,0,3,1.083333333,OriginalDriver,False,"Профсоюзная улица 27 корп 2 стр 1, Черёмушки, Москва, Россия","Коньково, Москва, Россия",6.699,True,Москва,Россия,5,5,3,4,0.0,0.0,0.0,,1055,29.46666718,0.0,0.0,5,1.0,1.0,0.800000012,1.0,49.5719986,23.45575148,0.0,0.382,0.0,0.910000026,,100,100,100,50,85.00000763,0,Москва,Москва,2001-01-01 00:00:00.000000
41,1703434,11689C15-FF4A-4539-A3D9-2753634C6BA5,5EE3A642-0254-415C-94D0-43272864C279,3897148,2018-09-04 19:01:27.000000,2018-09-04 19:33:38,5.694992054,32.18333333,0,0,3,1.333333333,OriginalDriver,False,"Профсоюзная улица, Черёмушки, Москва, Россия","улица Введенского, Коньково, Москва, Россия",5.773,True,Москва,Россия,5,5,3,3,0.0,0.0,0.0,,1055,32.18333435,0.0,0.0,5,1.0,1.0,0.800000012,1.0,49.5719986,20.74755315,0.0,0.581,0.0,0.7699999809999999,,100,100,100,50,85.00000763,0,Москва,Москва,2001-01-01 00:00:00.000000
42,1703446,E5E7E6CD-7185-41B0-95A6-60EA847167D4,5EE3A642-0254-415C-94D0-43272864C279,3897219,2018-09-04 23:25:02.000000,2018-09-04 23:31:43,1.408188223,6.683333332999999,0,0,5,0.0,OriginalDriver,False,"улица Миклухо-Маклая 61, Коньково, Москва, Россия","улица Миклухо-Маклая 43, Коньково, Москва, Россия",1.942,True,Москва,Россия,5,5,5,5,0.0,0.0,0.0,,1055,0.0,0.0,6.683333397,5,1.0,1.0,1.0,1.0,51.69599915,27.37639179,0.0,0.0,0.0,1.0,,100,100,100,50,85.00000763,0,Москва,Москва,2001-01-01 00:00:00.000000
43,1705515,F0E3F82F-9682-460F-8921-0B72AC9672DD,5EE3A642-0254-415C-94D0-43272864C279,3903457,2018-09-05 09:53:34.555022,2018-09-05 10:33:04,9.451401257999999,39.49074962,0,2,3,0.133333333,OriginalDriver,False,"улица Введенского, Коньково, Москва, Россия","улица Колмогорова 1, Раменки, Москва, Россия",10.066,True,Москва,Россия,5,5,3,5,0.0,0.0,0.0,,1055,39.49074936,0.0,0.0,3,1.0,1.0,0.800000012,0.800000012,58.86000061,31.76462557,0.0,0.022000000000000002,0.0,1.0,,100,100,100,100,100.00000759999999,0,Москва,Москва,2001-01-01 00:00:00.000000
44,1705549,D2D7FC07-7E3E-4FC2-9A5A-5AE16D4876A4,5EE3A642-0254-415C-94D0-43272864C279,3903571,2018-09-05 12:45:26.000000,2018-09-05 12:50:34,1.6076344219999998,5.133333333,0,0,5,0.0,OriginalDriver,True,"Раменки, Москва, Россия","проспект Вернадского 6-В стр 1, Раменки, Москва, Россия",1.5919999999999999,True,Москва,Россия,5,5,5,5,0.08800000000000001,0.0,0.0,OriginalDriver,1055,0.0,0.0,5.1333332060000005,5,1.0,1.0,1.0,1.0,51.44400024,26.80478779,0.0,0.0,0.0,1.0,,100,100,100,100,100.00000759999999,0,Москва,Москва,2001-01-01 00:00:00.000000
45,1706125,88DF00FF-AD50-4928-82AA-228205E1957C,5EE3A642-0254-415C-94D0-43272864C279,3905026,2018-09-05 14:38:37.000000,2018-09-05 14:59:43,5.471864162999999,21.1,0,0,4,0.933333333,OriginalDriver,False,"проспект Вернадского 6-В стр 1, Раменки, Москва, Россия","Лужнецкая набережная 2/4 стр 19, Хамовники, Москва, Россия",6.162000000000001,True,Москва,Россия,5,5,5,4,0.728,0.0,0.0,,1055,0.0,0.0,21.10000038,5,1.0,1.0,1.0,1.0,63.287998200000004,27.74731351,0.0,0.341,0.0,0.910000026,,100,100,100,75,92.5,0,Москва,Москва,2001-01-01 00:00:00.000000
46,1707432,6F8EFB09-CED4-4D47-B5C6-4B6B53F83691,5EE3A642-0254-415C-94D0-43272864C279,3908546,2018-09-05 19:29:32.000000,2018-09-05 20:11:18,9.899739457,41.76666667,0,1,3,5.516666667000001,OriginalDriver,False,"Андреевская набережная 1 корп 1, Гагаринский, Москва, Россия","улица Введенского, Коньково, Москва, Россия",10.280999999999999,True,Москва,Россия,5,5,3,3,0.0,0.0,0.0,,1055,41.76666641,0.0,0.0,4,1.0,1.0,0.800000012,0.8999999759999999,57.88799667,23.01335711,0.0,1.2209999999999999,0.0,0.75,,100,100,100,50,85.00000763,0,Москва,Москва,2001-01-01 00:00:00.000000
47,1709027,FC5489B9-68D2-4D28-996F-F7B95F33A604,5EE3A642-0254-415C-94D0-43272864C279,3913028,2018-09-06 08:01:08.000000,2018-09-06 09:07:41,12.69282082,66.55,0,0,3,9.116666667,OriginalDriver,False,"улица Введенского, Коньково, Москва, Россия","Лужнецкая набережная 2/4 стр 72, Хамовники, Москва, Россия",13.398,True,Москва,Россия,4,5,3,3,0.324,0.10800000000000001,0.431,,1055,66.55000305,0.0,0.0,5,0.800000012,1.0,0.800000012,1.0,68.07599640000001,21.59028569,0.0,1.808,0.0,0.699999988,,100,100,100,100,100.00000759999999,0,Москва,Москва,2001-01-01 00:00:00.000000
48,1710256,420B553B-9F4C-4F4A-A5A6-4D5ECA0A2090,5EE3A642-0254-415C-94D0-43272864C279,3916491,2018-09-06 14:00:18.000000,2018-09-06 14:12:18,3.6580566130000003,12.0,0,0,4,0.6,OriginalDriver,False,"Лужнецкая набережная 2/4 стр 72, Хамовники, Москва, Россия","улица Ленинские Горы 1 стр 2А, Раменки, Москва, Россия",5.06,True,Москва,Россия,4,5,5,4,0.353,0.18600000000000003,0.0,,1055,0.0,0.0,12.0,5,0.800000012,1.0,1.0,1.0,58.89599991,32.20415924,0.0,0.387,0.0,0.8500000240000001,,100,100,100,75,92.5,0,Москва,Москва,2001-01-01 00:00:00.000000
49,1710550,CBB7DCA2-C003-495C-A121-E10C89B096DA,5EE3A642-0254-415C-94D0-43272864C279,3917233,2018-09-06 14:49:55.000000,2018-09-06 15:23:52,11.3981859,33.95,0,0,4,0.833333333,OriginalDriver,False,"улица Ленинские Горы 1 стр 2А, Раменки, Москва, Россия","Лужнецкая набережная 10А стр 11, Хамовники, Москва, Россия",11.762,True,Москва,Россия,4,5,5,5,2.5380000000000003,0.598,0.14300000000000002,,1055,0.0,0.0,33.95000076,5,0.800000012,1.0,1.0,1.0,75.05999756,29.36178357,0.0,0.341,0.0,1.0,,100,100,100,50,85.00000763,0,Москва,Москва,2001-01-01 00:00:00.000000
50,1711690,5249C0D6-55F5-418E-9F5C-46C1FC62983A,5EE3A642-0254-415C-94D0-43272864C279,3920631,2018-09-06 19:36:26.777974,2018-09-06 20:01:42,5.814786463,25.25370043,0,0,4,0.41666666700000005,OriginalDriver,False,"Профсоюзная улица, Академический, Москва, Россия","улица Введенского, Коньково, Москва, Россия",6.046,True,Москва,Россия,5,5,3,5,0.0,0.0,0.0,,1055,25.25370026,0.0,0.0,5,1.0,1.0,0.800000012,1.0,58.06799698,25.12982098,0.0,0.071,0.0,1.0,,100,100,100,50,85.00000763,0,Москва,Москва,2001-01-01 00:00:00.000000
51,1713373,D32E9849-3863-478F-B951-816C1E7F7346,5EE3A642-0254-415C-94D0-43272864C279,3925133,2018-09-07 08:33:16.000000,2018-09-07 09:14:22,12.1152624,41.1,0,1,3,4.183333333,OriginalDriver,False,"улица Введенского, Коньково, Москва, Россия","Лужнецкая набережная 2/4 стр 46, Хамовники, Москва, Россия",12.7,True,Москва,Россия,5,5,3,3,0.324,0.449,0.0,,1055,41.09999847,0.0,0.0,4,1.0,1.0,0.800000012,0.8999999759999999,57.95999908,26.74927954,0.0,1.324,0.0,0.7699999809999999,,100,100,100,100,100.00000759999999,0,Москва,Москва,2001-01-01 00:00:00.000000
52,1715998,FD9159C1-E5AB-4B22-A441-9D6819AB3EA3,5EE3A642-0254-415C-94D0-43272864C279,3932171,2018-09-07 19:11:12.000000,2018-09-07 19:26:58,4.472459598,15.76666667,0,0,3,1.15,OriginalDriver,False,"Лужнецкая набережная 10А стр 11, Хамовники, Москва, Россия","Ленинский проспект 11 стр 3, Якиманка, Москва, Россия",4.617,True,Москва,Россия,5,5,3,4,1.556,0.0,0.0,,1055,15.76666641,0.0,0.0,5,1.0,1.0,0.800000012,1.0,68.47200012,29.71533952,0.0,0.376,0.0,0.8199999929999999,,100,100,100,75,92.5,0,Москва,Москва,2001-01-01 00:00:00.000000
53,1716596,56E9EC11-64EE-458E-AB89-BA5A4902BF70,5EE3A642-0254-415C-94D0-43272864C279,3934000,2018-09-07 23:20:17.069960,2018-09-07 23:47:48,6.394482877000001,27.51550066,0,0,5,0.5166666670000001,OriginalDriver,False,"Профсоюзная улица, Академический, Москва, Россия","улица Миклухо-Маклая, Коньково, Москва, Россия",7.307,True,Москва,Россия,5,5,5,5,0.395,0.0,0.0,,1055,0.0,0.0,27.51550102,5,1.0,1.0,1.0,1.0,63.64799881,31.73201137,0.0,0.057,0.0,1.0,,100,100,100,75,92.5,0,Москва,Москва,2001-01-01 00:00:00.000000
54,1717803,FCC0B0D9-8DCF-4AB3-8DEE-33461105E1F7,5EE3A642-0254-415C-94D0-43272864C279,3937593,2018-09-08 09:20:12.000000,2018-09-08 09:24:02,0.459739721,3.833333333,0,0,5,0.0,OriginalDriver,False,"улица Миклухо-Маклая, Коньково, Москва, Россия","Профсоюзная улица, Коньково, Москва, Россия",0.78,True,Москва,Россия,5,5,5,5,0.0,0.0,0.0,,1055,0.0,0.0,3.833333254,5,1.0,1.0,1.0,1.0,48.67200089,29.99699936,0.0,0.0,0.0,1.0,,100,100,100,100,100.00000759999999,0,Москва,Москва,2001-01-01 00:00:00.000000
55,1718589,7BA0FC69-BA58-4998-A65B-AEC042271F4E,5EE3A642-0254-415C-94D0-43272864C279,3939759,2018-09-08 12:08:27.000000,2018-09-08 12:25:11,3.116748121,16.73333333,0,0,2,0.15,OriginalDriver,False,"Профсоюзная улица, Коньково, Москва, Россия","улица Миклухо-Маклая 40 корп 1, Коньково, Москва, Россия",2.992,True,Москва,Россия,2,5,5,4,0.254,0.146,0.21100000000000002,,1055,0.0,0.0,16.73333359,5,0.400000006,1.0,1.0,1.0,54.75600052,19.112839,0.0,0.099,0.0,0.970000029,,100,100,100,100,100.00000759999999,0,Москва,Москва,2001-01-01 00:00:00.000000
56,1718775,B52AB5FF-2603-44A3-B792-AC1F1BD3CA3C,5EE3A642-0254-415C-94D0-43272864C279,3940239,2018-09-08 12:39:08.000000,2018-09-08 13:09:15,8.681398984,30.11666667,0,2,2,5.25,OriginalDriver,False,"улица Миклухо-Маклая 40 корп 1, Коньково, Москва, Россия","улица Кравченко 2, Ломоносовский, Москва, Россия",9.237,True,Москва,Россия,5,5,5,2,0.986,0.047,0.065,,1055,0.0,0.0,30.11666679,3,1.0,1.0,1.0,0.800000012,71.17199707,32.74745687,0.0,2.821,0.0,0.40999999600000003,,100,100,100,100,100.00000759999999,0,Москва,Москва,2001-01-01 00:00:00.000000
57,1719355,5F50325E-4C75-44F7-914E-1480CA0AD0B7,5EE3A642-0254-415C-94D0-43272864C279,3941873,2018-09-08 14:59:46.000000,2018-09-08 15:12:45,6.122397164,12.98333333,0,0,4,1.4,OriginalDriver,False,"Ленинский проспект 95 корп 3, Ломоносовский, Москва, Россия","улица Миклухо-Маклая 40 корп 1, Коньково, Москва, Россия",6.007000000000001,True,Москва,Россия,4,5,5,4,0.039,0.0,0.107,,1055,0.0,0.0,12.98333359,5,0.800000012,1.0,1.0,1.0,57.02399826,36.76022836,0.0,0.525,0.0,0.8199999929999999,,100,100,100,75,92.5,0,Москва,Москва,2001-01-01 00:00:00.000000
58,1719650,7574346D-AE96-4A48-ACF0-ACAABBAA6549,5EE3A642-0254-415C-94D0-43272864C279,3942740,2018-09-08 15:54:32.000000,2018-09-08 16:24:41,12.07206298,30.15,0,2,2,5.65,OriginalDriver,False,"улица Миклухо-Маклая 40 корп 1, Коньково, Москва, Россия","Калужская площадь 1 стр 7, Якиманка, Москва, Россия",12.909,True,Москва,Россия,5,5,5,2,3.215,0.198,0.0,,1055,0.0,0.0,30.14999962,3,1.0,1.0,1.0,0.800000012,74.01599884,39.65051035,0.0,2.627,0.0,0.560000002,,100,100,100,50,85.00000763,0,Москва,Москва,2001-01-01 00:00:00.000000
59,1720230,33B7A7F5-06EE-4024-94CB-4D3F273751B1,5EE3A642-0254-415C-94D0-43272864C279,3944310,2018-09-08 17:58:48.000000,2018-09-08 18:30:54,14.10131763,32.1,1,1,4,0.6166666670000001,OriginalDriver,False,"Калужская площадь 1 стр 7, Якиманка, Москва, Россия","Коньково, Москва, Россия",15.253,True,Москва,Россия,5,4,5,4,3.159,0.512,0.0,,1055,0.0,0.0,32.09999847,4,1.0,0.8999999759999999,1.0,0.8999999759999999,81.68399811,46.97587595,0.05,0.687,0.067,0.939999998,,100,100,100,25,77.50000763,0,Москва,Москва,2001-01-01 00:00:00.000000
60,1722201,8F030F5F-CDD3-49E5-9E1E-BACC0A081F28,5EE3A642-0254-415C-94D0-43272864C279,3951396,2018-09-09 10:21:45.829099,2018-09-09 10:28:22,2.502798588,6.602848347,0,0,4,0.0,OriginalDriver,False,"Профсоюзная улица, Коньково, Москва, Россия","Профсоюзная улица 29 корп 3, Черёмушки, Москва, Россия",2.623,True,Москва,Россия,4,5,5,5,0.583,0.0,0.037000000000000005,,1055,0.0,0.0,6.60284853,5,0.800000012,1.0,1.0,1.0,65.77200317,33.00237876,0.0,0.0,0.0,1.0,,100,100,100,100,100.00000759999999,0,Москва,Москва,2001-01-01 00:00:00.000000
61,1722567,ADE24917-4E3A-4A78-8A21-D2B987B2A2BF,5EE3A642-0254-415C-94D0-43272864C279,3952467,2018-09-09 11:54:50.000000,2018-09-09 12:00:00,1.5724279980000002,5.166666667,1,0,4,0.3,OriginalDriver,False,"Профсоюзная улица 29 корп 3, Черёмушки, Москва, Россия","проспект 60 лет Октября 21, Академический, Москва, Россия",2.991,True,Москва,Россия,5,4,5,4,0.53,0.0,0.0,,1055,0.0,0.0,5.1666665080000005,5,1.0,0.8999999759999999,1.0,1.0,70.55999756,49.29029866,0.0,0.297,0.0,0.800000012,,100,100,100,100,100.00000759999999,0,Москва,Москва,2001-01-01 00:00:00.000000
62,1724317,08541002-3142-4BA8-BA93-82B9DADFBC47,5EE3A642-0254-415C-94D0-43272864C279,3957271,2018-09-09 18:16:56.000000,2018-09-09 18:37:29,6.794558187000001,20.55,1,0,3,1.233333333,OriginalDriver,False,"Профсоюзная улица, Академический, Москва, Россия","улица Миклухо-Маклая 40 корп 1, Коньково, Москва, Россия",6.997999999999999,True,Москва,Россия,5,4,5,3,0.317,0.006999999999999999,0.0,,1055,0.0,0.0,20.54999924,5,1.0,0.8999999759999999,1.0,1.0,65.77200317,38.65012212,0.0,1.0170000000000001,0.0,0.6800000070000001,,100,100,100,100,100.00000759999999,0,Москва,Москва,2001-01-01 00:00:00.000000
63,1726239,EC49014C-ADC6-4702-97B5-0D3B63E52658,5EE3A642-0254-415C-94D0-43272864C279,3963043,2018-09-10 08:17:54.000000,2018-09-10 09:17:31,12.54769206,59.61666667,0,1,3,3.5333333330000003,OriginalDriver,False,"улица Миклухо-Маклая 40 корп 1, Коньково, Москва, Россия","Лужнецкая набережная 2/4 стр 46, Хамовники, Москва, Россия",14.276,True,Москва,Россия,3,5,3,4,0.9890000000000001,0.0,0.589,,1055,59.61666489,0.0,0.0,4,0.600000024,1.0,0.800000012,0.8999999759999999,75.41999817,29.17151296,0.0,1.27,0.0,0.8199999929999999,,100,100,100,100,100.00000759999999,0,Москва,Москва,2001-01-01 00:00:00.000000
64,1727027,4870BEEA-E868-4F13-A4A6-9DCF0545767E,5EE3A642-0254-415C-94D0-43272864C279,3965510,2018-09-10 12:18:41.000000,2018-09-10 12:33:37,6.0236330229999995,14.93333333,1,1,3,1.516666667,OriginalDriver,False,"Лужнецкая набережная 2/4 стр 46, Хамовники, Москва, Россия","Профсоюзная улица 44 корп 2, Черёмушки, Москва, Россия",6.712000000000001,True,Москва,Россия,5,4,5,3,0.628,0.0,0.0,,1055,0.0,0.0,14.9333334,4,1.0,0.8999999759999999,1.0,0.8999999759999999,67.57199859999999,37.3046509,0.0,0.672,0.0,0.7699999809999999,,100,100,100,75,92.5,0,Москва,Москва,2001-01-01 00:00:00.000000
65,1727089,83BE9EDA-268C-4769-BF11-0981CBD9D64B,5EE3A642-0254-415C-94D0-43272864C279,3965679,2018-09-10 12:41:57.000000,2018-09-10 12:49:12,1.490613917,7.25,0,0,5,0.0,OriginalDriver,False,"Профсоюзная улица 60, Обручевский, Москва, Россия","улица Воронцовские Пруды 5, Обручевский, Москва, Россия",1.493,True,Москва,Россия,5,5,5,5,0.0,0.0,0.0,,1055,0.0,0.0,7.25,5,1.0,1.0,1.0,1.0,51.04800034,27.75424307,0.0,0.0,0.0,1.0,,100,100,100,75,92.5,0,Москва,Москва,2001-01-01 00:00:00.000000
66,1727489,1C4C5F7C-C275-43F1-8A33-30CBAADADED0,5EE3A642-0254-415C-94D0-43272864C279,3966709,2018-09-10 14:11:30.000000,2018-09-10 14:22:06,1.88295217,10.6,0,0,2,2.333333333,OriginalDriver,False,"улица Воронцовские Пруды 5, Обручевский, Москва, Россия","улица Гарибальди 23 корп 1, Черёмушки, Москва, Россия",2.072,True,Москва,Россия,5,5,5,2,0.0,0.0,0.0,,1055,0.0,0.0,10.60000038,5,1.0,1.0,1.0,1.0,48.95999908,23.02386135,0.0,0.623,0.0,0.40999999600000003,,100,100,100,75,92.5,0,Москва,Москва,2001-01-01 00:00:00.000000
67,1727859,43A9E081-C658-4529-A10F-A974198CE0B6,5EE3A642-0254-415C-94D0-43272864C279,3967639,2018-09-10 15:21:53.000000,2018-09-10 15:43:12,5.749083059,21.31666667,0,0,2,5.5,OriginalDriver,False,"улица Гарибальди 23 корп 1, Черёмушки, Москва, Россия","Коньково, Москва, Россия",6.101,True,Москва,Россия,3,5,5,1,0.525,0.28,0.168,,1055,0.0,0.0,21.31666756,5,0.600000024,1.0,1.0,1.0,58.60800171,28.81669763,0.11666666699999999,2.006,0.077,0.379999995,,100,100,100,50,85.00000763,0,Москва,Москва,2001-01-01 00:00:00.000000
68,1730519,5ECAE7C0-3D31-470E-AD0D-ACF33E0B994F,5EE3A642-0254-415C-94D0-43272864C279,3975587,2018-09-11 08:10:23.000000,2018-09-11 08:43:45,4.74557348,33.36666667,1,1,3,2.5,OriginalDriver,False,"Коньково, Москва, Россия","Ленинский проспект, Обручевский, Москва, Россия",5.327999999999999,True,Москва,Россия,5,4,3,4,0.0,0.0,0.0,,1055,33.36666489,0.0,0.0,4,1.0,0.8999999759999999,0.800000012,0.8999999759999999,57.744003299999996,19.78541325,0.0,0.33299999999999996,0.0,0.879999995,,100,100,100,100,100.00000759999999,0,Москва,Москва,2001-01-01 00:00:00.000000
69,1730690,F28A13E3-FAB5-40FD-8DBD-AE9D60F6499F,5EE3A642-0254-415C-94D0-43272864C279,3976044,2018-09-11 08:48:21.000000,2018-09-11 09:18:16,8.176223689,29.91666667,1,0,3,1.3833333330000002,OriginalDriver,False,"Ленинский проспект, Обручевский, Москва, Россия","Лужнецкая набережная 2/4 стр 71, Хамовники, Москва, Россия",8.722000000000001,True,Москва,Россия,5,4,3,5,0.389,0.0,0.0,,1055,29.91666603,0.0,0.0,5,1.0,0.8999999759999999,0.800000012,1.0,64.11599731,26.28016306,0.0,0.231,0.0,1.0,,100,100,100,100,100.00000759999999,0,Москва,Москва,2001-01-01 00:00:00.000000
70,1732473,DEBA0D31-8361-42AE-BD4B-6F6277835D22,5EE3A642-0254-415C-94D0-43272864C279,3981275,2018-09-11 16:11:41.000000,2018-09-11 16:28:04,3.8134026789999997,16.38333333,0,0,5,0.166666667,OriginalDriver,False,"Лужнецкая набережная 10А стр 5, Хамовники, Москва, Россия","Ленинский проспект 88 корп 3, Ломоносовский, Москва, Россия",6.406000000000001,True,Москва,Россия,5,5,5,5,0.0,0.0,0.0,,1055,0.0,0.0,16.38333321,5,1.0,1.0,1.0,1.0,52.19999695,28.99330349,0.0,0.129,0.0,1.0,,100,100,100,75,92.5,0,Москва,Москва,2001-01-01 00:00:00.000000
71,1733746,BBC44923-DF01-4C08-A943-3E9336432AD8,5EE3A642-0254-415C-94D0-43272864C279,3985071,2018-09-11 18:39:38.000000,2018-09-11 19:20:07,7.33936321,40.48333333,0,0,3,2.0,OriginalDriver,False,"Ленинский проспект 88 корп 3, Ломоносовский, Москва, Россия","улица Миклухо-Маклая, Коньково, Москва, Россия",8.271,True,Москва,Россия,5,5,3,4,0.364,0.0,0.073,,1055,40.48333359,0.0,0.0,5,1.0,1.0,0.800000012,1.0,60.12000275,27.22192875,0.0,0.511,0.0,0.879999995,,100,100,100,50,85.00000763,0,Москва,Москва,2001-01-01 00:00:00.000000
72,1735352,2408D020-F0FC-41A4-BAEA-D18E6E5E0905,5EE3A642-0254-415C-94D0-43272864C279,3989731,2018-09-12 10:02:36.000000,2018-09-12 10:15:03,4.887792002,12.45,0,1,2,2.183333333,OriginalDriver,False,"улица Введенского, Коньково, Москва, Россия","Профсоюзная улица 29, Черёмушки, Москва, Россия",4.8839999999999995,True,Москва,Россия,5,5,3,2,0.069,0.0,0.0,,1055,12.44999981,0.0,0.0,4,1.0,1.0,0.800000012,0.8999999759999999,59.75999832,36.98143994,0.0,1.493,0.0,0.40999999600000003,,100,100,100,100,100.00000759999999,0,Москва,Москва,2001-01-01 00:00:00.000000
73,1735372,2F748890-B022-427E-B857-025BAA0EAE67,5EE3A642-0254-415C-94D0-43272864C279,3989782,2018-09-12 10:04:05.000000,2018-09-12 10:17:57,5.472903377000001,13.86666667,0,1,2,3.366666667,OriginalDriver,False,"улица Введенского 5, Коньково, Москва, Россия","Профсоюзная улица 44, Черёмушки, Москва, Россия",5.452000000000001,True,Москва,Россия,5,5,3,1,0.151,0.0,0.0,,1055,13.86666679,0.0,0.0,4,1.0,1.0,0.800000012,0.8999999759999999,60.55199814,36.54356501,0.0,2.246,0.0,0.280000001,,100,100,100,100,100.00000759999999,0,Москва,Москва,2001-01-01 00:00:00.000000
74,1735507,90FD98D7-CA26-4237-8048-4A78CEC1D91E,5EE3A642-0254-415C-94D0-43272864C279,3990184,2018-09-12 10:15:19.000000,2018-09-12 10:45:50,5.8492258,30.51666667,0,0,2,1.5,OriginalDriver,False,"Профсоюзная улица 27 корп 1, Черёмушки, Москва, Россия","улица Лебедева, Раменки, Москва, Россия",5.784,True,Москва,Россия,2,5,3,3,0.494,0.086,0.31,,1055,30.51666641,0.0,0.0,5,0.400000006,1.0,0.800000012,1.0,60.55199814,24.10882257,0.0,0.784,0.0,0.699999988,,100,100,100,75,92.5,0,Москва,Москва,2001-01-01 00:00:00.000000
75,1735982,4B3234E1-4894-4C65-A329-F4D27102E725,5EE3A642-0254-415C-94D0-43272864C279,3991408,2018-09-12 12:25:07.000000,2018-09-12 12:42:37,2.935523471,17.5,0,0,4,1.65,OriginalDriver,False,"улица Лебедева, Раменки, Москва, Россия","Профсоюзная улица 42 корп 4, Черёмушки, Москва, Россия",4.282,True,Москва,Россия,5,5,5,4,0.171,0.0,0.0,,1055,0.0,0.0,17.5,5,1.0,1.0,1.0,1.0,53.89199829,17.10263364,0.0,0.40399999999999997,0.0,0.800000012,,100,100,100,75,92.5,0,Москва,Москва,2001-01-01 00:00:00.000000
76,1736696,15E46403-740B-4D2A-9DC9-249A54165885,5EE3A642-0254-415C-94D0-43272864C279,3993385,2018-09-12 14:59:16.000000,2018-09-12 15:24:11,7.642729348,24.91666667,0,0,4,0.0,OriginalDriver,False,"Профсоюзная улица 42 корп 4, Черёмушки, Москва, Россия","Лужнецкая набережная 2/4 стр 17, Хамовники, Москва, Россия",8.766,True,Москва,Россия,4,5,5,5,1.655,0.249,0.0,,1055,0.0,0.0,24.91666603,5,0.800000012,1.0,1.0,1.0,77.54399872,32.86771347,0.0,0.0,0.0,1.0,,100,100,100,50,85.00000763,0,Москва,Москва,2001-01-01 00:00:00.000000
77,1737819,28FF1CE5-AC8A-4DE4-BF52-63780FE3C967,5EE3A642-0254-415C-94D0-43272864C279,3996539,2018-09-12 19:30:14.000000,2018-09-12 19:49:19,3.027184901,19.08333333,0,0,3,0.15,OriginalDriver,False,"Андреевская набережная 1 корп 1, Гагаринский, Москва, Россия","проспект 60 лет Октября 31, Академический, Москва, Россия",3.158,True,Москва,Россия,5,5,3,4,0.0,0.0,0.0,,1055,19.08333397,0.0,0.0,5,1.0,1.0,0.800000012,1.0,54.61199951,19.81934375,0.0,0.14400000000000002,0.0,0.939999998,,100,100,100,50,85.00000763,0,Москва,Москва,2001-01-01 00:00:00.000000
78,1737840,68EE30BA-171D-4663-87DA-24AFB4EE27AB,5EE3A642-0254-415C-94D0-43272864C279,3996562,2018-09-12 19:36:25.000000,2018-09-12 19:51:40,2.9928662810000004,15.25,0,0,3,0.15,OriginalDriver,False,"улица Косыгина 2, Гагаринский, Москва, Россия","Профсоюзная улица, Академический, Москва, Россия",2.948,True,Москва,Россия,5,5,3,4,0.0,0.0,0.0,,1055,15.25,0.0,0.0,5,1.0,1.0,0.800000012,1.0,54.61199951,23.82569421,0.0,0.203,0.0,0.879999995,,100,100,100,50,85.00000763,0,Москва,Москва,2001-01-01 00:00:00.000000
79,1737943,AF9FE90C-8632-4C7A-9833-645614B3704A,5EE3A642-0254-415C-94D0-43272864C279,3996901,2018-09-12 19:50:21.000000,2018-09-12 20:09:50,6.947395994,19.48333333,0,0,3,0.933333333,OriginalDriver,False,"проспект 60 лет Октября 20, Академический, Москва, Россия","улица Миклухо-Маклая 40 корп 1, Коньково, Москва, Россия",6.822,True,Москва,Россия,5,5,3,4,0.021,0.0,0.0,,1055,19.48333359,0.0,0.0,5,1.0,1.0,0.800000012,1.0,55.40399933,27.34359657,0.0,0.322,0.0,0.939999998,,100,100,100,25,77.50000763,0,Москва,Москва,2001-01-01 00:00:00.000000
80,1739581,69F628CF-0F24-474F-8F21-AF68CEC10B1C,5EE3A642-0254-415C-94D0-43272864C279,4001893,2018-09-13 08:21:59.000000,2018-09-13 09:03:23,13.52938482,41.4,0,0,3,1.733333333,OriginalDriver,False,"улица Миклухо-Маклая 40 корп 1, Коньково, Москва, Россия","Лужнецкая набережная 2/4 стр 1, Хамовники, Москва, Россия",14.115,True,Москва,Россия,4,5,3,5,1.208,0.5,0.0,,1055,41.40000153,0.0,0.0,5,0.800000012,1.0,0.800000012,1.0,62.56799698,32.99824736,0.0,0.365,0.0,1.0,,100,100,100,100,100.00000759999999,0,Москва,Москва,2001-01-01 00:00:00.000000
81,1741935,2FA5679D-C8C0-48C7-96F6-C054B1A0DE84,5EE3A642-0254-415C-94D0-43272864C279,4008753,2018-09-13 18:07:49.000000,2018-09-13 18:24:39,4.5712036739999995,16.83333333,0,0,3,0.483333333,OriginalDriver,False,"Лужнецкая набережная 2/4 стр 1, Хамовники, Москва, Россия","Профсоюзная улица 8, Академический, Москва, Россия",4.9030000000000005,True,Москва,Россия,5,5,3,4,0.0,0.0,0.0,,1055,16.83333397,0.0,0.0,5,1.0,1.0,0.800000012,1.0,50.75999832,24.28938586,0.0,0.175,0.0,0.970000029,,100,100,100,75,92.5,0,Москва,Москва,2001-01-01 00:00:00.000000
82,1742006,0E85424C-0649-40E7-84F0-3F14CE1E10AC,5EE3A642-0254-415C-94D0-43272864C279,4008956,2018-09-13 18:21:29.000000,2018-09-13 18:37:18,3.677990843,15.81666667,0,0,3,0.966666667,OriginalDriver,False,"проспект 60 лет Октября 8, Академический, Москва, Россия","Профсоюзная улица 27 корп 2 стр 3, Черёмушки, Москва, Россия",3.772,True,Москва,Россия,5,5,3,4,0.174,0.027999999999999997,0.0,,1055,15.8166666,0.0,0.0,5,1.0,1.0,0.800000012,1.0,53.27999878,26.84088323,0.0,0.301,0.0,0.8500000240000001,,100,100,100,75,92.5,0,Москва,Москва,2001-01-01 00:00:00.000000
83,1742523,25B69CE6-7131-4A80-838C-1880C9FF4A58,5EE3A642-0254-415C-94D0-43272864C279,4010686,2018-09-13 20:51:04.000000,2018-09-13 21:10:23,6.253939936,19.31666667,0,0,4,2.683333333,OriginalDriver,False,"Профсоюзная улица 27 корп 2 стр 3, Черёмушки, Москва, Россия","улица Миклухо-Маклая 40 корп 1, Коньково, Москва, Россия",6.614,True,Москва,Россия,5,5,4,4,1.189,0.0,0.0,,1055,8.516666412000001,0.0,10.80000019,5,1.0,1.0,0.916903555,1.0,64.62000275,32.19654776,0.0,0.47,0.0,0.8500000240000001,,100,100,100,50,85.00000763,0,Москва,Москва,2001-01-01 00:00:00.000000
84,1744095,783CC774-62F3-480C-8066-7971D90ED9FB,5EE3A642-0254-415C-94D0-43272864C279,4015579,2018-09-14 08:31:23.000000,2018-09-14 09:19:42,12.70350842,48.31666667,0,0,3,4.283333333,OriginalDriver,False,"улица Миклухо-Маклая 40 корп 1, Коньково, Москва, Россия","Лужнецкая набережная 2 стр 81, Хамовники, Москва, Россия",14.567,True,Москва,Россия,5,5,3,3,2.75,0.49700000000000005,0.0,,1055,48.31666565,0.0,0.0,5,1.0,1.0,0.800000012,1.0,66.31199646,32.01091591,0.0,1.699,0.0,0.75,,100,100,100,100,100.00000759999999,0,Москва,Москва,2001-01-01 00:00:00.000000
85,1744118,D163E5F4-C15D-4087-8892-86F5A6AE798E,5EE3A642-0254-415C-94D0-43272864C279,4015646,2018-09-14 09:06:48.000000,2018-09-14 09:19:42,3.527315718,12.9,0,0,3,0.2,OriginalDriver,False,"улица Вавилова 5Г, Донской, Москва, Россия","Лужнецкая набережная 2 стр 81, Хамовники, Москва, Россия",4.393,True,Москва,Россия,4,5,3,5,1.278,0.354,0.0,,1055,12.89999962,0.0,0.0,5,0.800000012,1.0,0.800000012,1.0,61.12799835,31.29017063,0.0,0.004,0.0,1.0,,100,100,100,75,92.5,0,Москва,Москва,2001-01-01 00:00:00.000000
86,1746871,DEB3A533-5DAB-4160-B488-1D7B110ECA89,5EE3A642-0254-415C-94D0-43272864C279,4023490,2018-09-14 19:08:30.000000,2018-09-14 19:22:08,3.171892708,13.63333333,1,0,3,0.0,OriginalDriver,False,"Лужнецкая набережная 2 стр 81, Хамовники, Москва, Россия","Ленинский проспект 14, Донской, Москва, Россия",4.678,True,Москва,Россия,3,4,3,5,1.1,0.0,0.19899999999999998,,1055,13.63333321,0.0,0.0,5,0.600000024,0.8999999759999999,0.800000012,1.0,87.12000275,30.10731645,0.0,0.0,0.0,1.0,,0,100,100,75,32.5,0,Москва,Москва,2001-01-01 00:00:00.000000
87,1747492,3430E78B-D499-4088-B649-25D3871E4CFE,5EE3A642-0254-415C-94D0-43272864C279,4025505,2018-09-14 22:58:33.521509,2018-09-14 23:30:35,15.57910847,32.02464151,0,1,3,4.266666667,OriginalDriver,False,"проспект 60 лет Октября 14 корп 1, Академический, Москва, Россия","улица Липовый парк 9, Коммунарка, Москва, Россия",16.381,False,Москва,Россия,5,5,5,3,3.08,0.06,0.0,,1055,0.0,0.0,32.02464294,4,1.0,1.0,1.0,0.8999999759999999,87.76799774,43.76381438,0.0,2.2430000000000003,0.0,0.699999988,,0,100,100,25,17.5,0,Москва,Москва,2001-01-01 00:00:00.000000
88,1747563,881CC025-94BA-42F5-A8B1-6168A8CA5EAA,5EE3A642-0254-415C-94D0-43272864C279,4025744,2018-09-15 00:22:50.000000,2018-09-15 00:36:44,10.54928973,13.9,0,0,3,0.4,OriginalDriver,False,"улица Александры Монаховой 30, Коммунарка, Москва, Россия","улица Миклухо-Маклая 40 корп 1, Коньково, Москва, Россия",10.415999999999999,False,Москва,Россия,5,5,1,4,1.6440000000000001,0.0,0.0,,1055,0.0,13.89999962,0.0,5,1.0,1.0,0.600000024,1.0,74.30399323,51.1161138,0.0,0.583,0.0,0.910000026,,100,100,100,100,100.00000759999999,0,Москва,Москва,2001-01-01 00:00:00.000000
89,1749424,FE068E0A-F210-4A43-92E8-2CBC422E9D22,5EE3A642-0254-415C-94D0-43272864C279,4031229,2018-09-15 12:14:27.000000,2018-09-15 12:25:51,2.346380019,11.4,0,0,3,0.0,OriginalDriver,False,"улица Миклухо-Маклая 40 корп 1, Коньково, Москва, Россия","улица Миклухо-Маклая 36А, Коньково, Москва, Россия",3.472,True,Москва,Россия,3,5,5,5,0.287,0.187,0.135,,1055,0.0,0.0,11.39999962,5,0.600000024,1.0,1.0,1.0,51.47999954,33.00284137,0.0,0.0,0.0,1.0,,100,100,100,100,100.00000759999999,0,Москва,Москва,2001-01-01 00:00:00.000000
90,1749612,8BEF4155-D79F-48E6-BEA9-0C23A5DF2CD7,5EE3A642-0254-415C-94D0-43272864C279,4031731,2018-09-15 12:33:42.000000,2018-09-15 13:01:04,7.4488604810000005,27.36666667,0,0,5,1.183333333,OriginalDriver,False,"улица Миклухо-Маклая 36А, Коньково, Москва, Россия","улица Марии Ульяновой 5, Ломоносовский, Москва, Россия",7.8020000000000005,True,Москва,Россия,5,5,5,5,0.746,0.0,0.0,,1055,0.0,0.0,27.36666679,5,1.0,1.0,1.0,1.0,66.41999817,33.27394953,0.0,0.157,0.0,1.0,,100,100,100,75,92.5,0,Москва,Москва,2001-01-01 00:00:00.000000
91,1750230,4BA4780A-DFF7-4A9E-9D1D-16B5F92C2BF2,5EE3A642-0254-415C-94D0-43272864C279,4033697,2018-09-15 14:40:11.000000,2018-09-15 15:07:54,6.8206623539999995,27.71666667,0,0,4,1.85,OriginalDriver,False,"улица Марии Ульяновой 5, Ломоносовский, Москва, Россия","улица Миклухо-Маклая, Коньково, Москва, Россия",7.439,True,Москва,Россия,4,5,5,4,0.22699999999999998,0.134,0.076,,1055,0.0,0.0,27.71666718,5,0.800000012,1.0,1.0,1.0,61.19999695,31.146643,0.0,0.659,0.0,0.8199999929999999,,100,100,100,50,85.00000763,0,Москва,Москва,2001-01-01 00:00:00.000000
92,1753083,0146180B-B272-41F4-B368-4980C25E10D0,5EE3A642-0254-415C-94D0-43272864C279,4043293,2018-09-16 09:49:56.000000,2018-09-16 10:03:37,4.463705301,13.68333333,0,0,5,0.0,OriginalDriver,False,"улица Миклухо-Маклая, Коньково, Москва, Россия","Профсоюзная улица 29 корп 3, Черёмушки, Москва, Россия",5.187,True,Москва,Россия,5,5,5,5,1.3459999999999999,0.0,0.0,,1055,0.0,0.0,13.6833334,5,1.0,1.0,1.0,1.0,69.80399323,38.26200949,0.0,0.0,0.0,1.0,,100,100,100,100,100.00000759999999,0,Москва,Москва,2001-01-01 00:00:00.000000
93,1753493,F1FBA371-FCF7-4CCC-A28C-2284E860250C,5EE3A642-0254-415C-94D0-43272864C279,4044615,2018-09-16 11:38:36.000000,2018-09-16 11:43:25,1.025525909,4.816666667,0,0,5,0.583333333,OriginalDriver,False,"Профсоюзная улица 29 корп 3, Черёмушки, Москва, Россия","Профсоюзная улица, Академический, Москва, Россия",2.119,True,Москва,Россия,5,5,5,5,0.0,0.0,0.0,,1055,0.0,0.0,4.816666603,5,1.0,1.0,1.0,1.0,44.60400009,29.70776428,0.0,0.037000000000000005,0.0,1.0,,100,100,100,100,100.00000759999999,0,Москва,Москва,2001-01-01 00:00:00.000000
94,1754874,55B119DB-0495-4C11-9026-8107176C4364,5EE3A642-0254-415C-94D0-43272864C279,4049142,2018-09-16 17:14:52.000000,2018-09-16 17:35:07,9.534683998,20.25,1,0,3,1.3833333330000002,OriginalDriver,False,"Ленинский проспект, Якиманка, Москва, Россия","улица Миклухо-Маклая 57, Коньково, Москва, Россия",9.314,True,Москва,Россия,5,4,5,3,1.27,0.0,0.0,,1055,0.0,0.0,20.25,5,1.0,0.8999999759999999,1.0,1.0,71.45999908,39.3093042,0.0,1.176,0.0,0.720000029,,100,50,100,75,90.0,0,Москва,Москва,2001-01-01 00:00:00.000000
95,1755755,E2C8C4F0-30FF-4D02-B8D6-0C042AD963AF,5EE3A642-0254-415C-94D0-43272864C279,4051841,2018-09-16 22:09:10.000000,2018-09-16 22:29:01,10.34390443,19.85,0,1,3,0.21666666699999998,OriginalDriver,False,"улица Миклухо-Маклая 57, Коньково, Москва, Россия","улица Липовый парк 9, Коммунарка, Москва, Россия",10.845999999999998,False,Москва,Россия,3,5,5,5,3.449,1.735,0.0,,1055,0.0,0.0,19.85000038,4,0.600000024,1.0,1.0,0.8999999759999999,105.40799709999999,54.89378576,0.0,0.095,0.0,1.0,,0,100,100,50,25.0,0,Москва,Москва,2001-01-01 00:00:00.000000
96,1755772,165651BC-4196-4B79-9607-53051C41CC5D,5EE3A642-0254-415C-94D0-43272864C279,4051884,2018-09-16 22:17:54.000000,2018-09-16 22:33:22,8.822853211,15.46666667,0,1,3,0.666666667,OriginalDriver,False,"Профсоюзная улица 132, Тёплый Стан, Москва, Россия","улица Липовый парк 9, Коммунарка, Москва, Россия",8.892000000000001,False,Москва,Россия,3,5,5,5,2.206,1.742,0.0,,1055,0.0,0.0,15.46666622,4,0.600000024,1.0,1.0,0.8999999759999999,105.40799709999999,51.5086632,0.0,0.155,0.0,1.0,,0,100,100,50,25.0,0,Москва,Москва,2001-01-01 00:00:00.000000
97,1755818,8F048AED-34F7-41BE-844B-290417D52502,5EE3A642-0254-415C-94D0-43272864C279,4052131,2018-09-16 22:41:32.000000,2018-09-16 22:59:49,10.27710728,18.28333333,0,0,5,0.0,OriginalDriver,False,"улица Липовый парк 9, Коммунарка, Москва, Россия","улица Миклухо-Маклая 40 корп 1, Коньково, Москва, Россия",10.998,False,Москва,Россия,5,5,5,5,1.3030000000000002,0.0,0.0,,1055,0.0,0.0,18.28333282,5,1.0,1.0,1.0,1.0,71.02799988,49.84565563,0.0,0.0,0.0,1.0,,100,100,100,25,77.50000763,0,Москва,Москва,2001-01-01 00:00:00.000000
98,1757038,B498470F-12AE-43DE-AB0D-1D70FF66C1FD,5EE3A642-0254-415C-94D0-43272864C279,4056097,2018-09-17 08:21:57.000000,2018-09-17 09:07:51,9.653580898,45.9,1,1,3,6.083333333,OriginalDriver,False,"улица Миклухо-Маклая 40 корп 1, Коньково, Москва, Россия","улица Ленинские Горы 1 стр 2, Раменки, Москва, Россия",10.156,True,Москва,Россия,5,4,3,4,0.218,0.0,0.0,,1055,45.90000153,0.0,0.0,4,1.0,0.8999999759999999,0.800000012,0.8999999759999999,62.85599518,24.84594838,0.0,0.9129999999999999,0.0,0.8199999929999999,,100,25,100,100,96.25000763,0,Москва,Москва,2001-01-01 00:00:00.000000
99,1757650,37F4EC59-48EB-4EA8-8575-FDAE1C67BB0B,5EE3A642-0254-415C-94D0-43272864C279,4057894,2018-09-17 10:31:51.000000,2018-09-17 11:39:01,3.311624565,67.16666667,0,0,4,0.7333333329999999,OriginalDriver,False,"улица Ленинские Горы 1 стр 51, Раменки, Москва, Россия","Лужнецкая набережная 2/4 стр 73, Хамовники, Москва, Россия",6.981,True,Москва,Россия,5,5,4,5,0.325,0.099,0.0,,1055,24.70000076,0.0,42.46666718,5,1.0,1.0,0.9214439390000001,1.0,46.97999954,11.3603728,0.0,0.209,0.0,1.0,,100,100,100,75,92.5,0,Москва,Москва,2001-01-01 00:00:00.000000
100,1758961,2F59AFFB-6ED4-44B5-B304-D5911738043D,5EE3A642-0254-415C-94D0-43272864C279,4061773,2018-09-17 16:18:08.000000,2018-09-17 16:44:22,7.552111478,26.23333333,0,0,3,2.566666667,OriginalDriver,False,"Лужнецкая набережная 2/4 стр 4, Хамовники, Москва, Россия","Профсоюзная улица 80 корп 1, Обручевский, Москва, Россия",7.581,True,Москва,Россия,5,5,5,3,0.0,0.0,0.0,,1055,0.0,0.0,26.23333359,5,1.0,1.0,1.0,1.0,59.50799942,28.66410102,0.0,1.28,0.0,0.639999986,,100,100,100,75,92.5,0,Москва,Москва,2001-01-01 00:00:00.000000
101,1759044,41D0D8F6-C5CF-4B61-AECC-C8395E9757E8,5EE3A642-0254-415C-94D0-43272864C279,4062064,2018-09-17 16:33:20.000000,2018-09-17 16:56:11,6.310759357,22.85,0,0,3,2.15,OriginalDriver,False,"Профсоюзная улица 8, Академический, Москва, Россия","Коньково, Москва, Россия",6.59,True,Москва,Россия,5,5,5,3,0.027999999999999997,0.0,0.0,,1055,0.0,0.0,22.85000038,5,1.0,1.0,1.0,1.0,59.50799942,30.52609499,0.0,1.07,0.0,0.639999986,,100,100,100,50,85.00000763,0,Москва,Москва,2001-01-01 00:00:00.000000
102,1761579,8B32F74A-404D-49E9-BB17-C52C6BEA3340,5EE3A642-0254-415C-94D0-43272864C279,4069850,2018-09-18 08:22:39.000000,2018-09-18 09:19:18,13.42794276,56.65,0,1,2,7.466666667,OriginalDriver,False,"Коньково, Москва, Россия","Лужнецкая набережная 2/4 стр 46, Хамовники, Москва, Россия",14.034,True,Москва,Россия,2,5,3,3,0.85,0.0,1.4569999999999999,,1055,56.65000153,0.0,0.0,4,0.400000006,1.0,0.800000012,0.8999999759999999,84.23999786,26.81790486,0.0,2.057,0.0,0.6800000070000001,,100,100,100,100,100.00000759999999,0,Москва,Москва,2001-01-01 00:00:00.000000
103,1763438,02827A0E-CD0B-4132-BFF7-BC88E537F283,5EE3A642-0254-415C-94D0-43272864C279,4075486,2018-09-18 16:10:24.000000,2018-09-18 16:47:27,11.0830505,37.05,1,0,3,4.366666667,OriginalDriver,False,"Лужнецкая набережная 2/4 стр 46, Хамовники, Москва, Россия","улица Миклухо-Маклая 40 корп 1, Коньково, Москва, Россия",11.485999999999999,True,Москва,Россия,5,4,5,3,0.042,0.0,0.0,,1055,0.0,0.0,37.04999924,5,1.0,0.8999999759999999,1.0,1.0,59.97599792,28.59714132,0.0,1.4140000000000001,0.0,0.720000029,,100,100,100,50,85.00000763,0,Москва,Москва,2001-01-01 00:00:00.000000
104,1763837,C3F164A8-B33F-4428-8E77-D7ABCDEAF6B2,5EE3A642-0254-415C-94D0-43272864C279,4076656,2018-09-18 18:21:20.000000,2018-09-18 18:30:53,0.96107343,9.55,0,0,4,0.0,OriginalDriver,False,"улица Миклухо-Маклая 40 корп 1, Коньково, Москва, Россия","улица Миклухо-Маклая, Коньково, Москва, Россия",1.807,True,Москва,Россия,5,5,3,5,0.048,0.0,0.0,,1055,9.550000191,0.0,0.0,5,1.0,1.0,0.800000012,1.0,50.68799973,16.31622632,0.0,0.0,0.0,1.0,,100,100,100,50,85.00000763,0,Москва,Москва,2001-01-01 00:00:00.000000
105,1766122,1C7D734C-9C6E-4373-B7BC-027FB28A5253,5EE3A642-0254-415C-94D0-43272864C279,4084170,2018-09-19 09:32:11.000000,2018-09-19 10:19:27,13.17571811,47.26666667,1,0,3,1.316666667,OriginalDriver,False,"улица Введенского, Коньково, Москва, Россия","Лужнецкая набережная 2/4 стр 17, Хамовники, Москва, Россия",12.828,True,Москва,Россия,5,4,3,4,0.275,0.0,0.0,,1055,47.26666641,0.0,0.0,5,1.0,0.8999999759999999,0.800000012,1.0,63.0,29.94537701,0.0,0.718,0.0,0.910000026,,100,100,100,100,100.00000759999999,0,Москва,Москва,2001-01-01 00:00:00.000000
106,1767141,D872C5F6-0275-42FB-BE8A-C1978E494192,5EE3A642-0254-415C-94D0-43272864C279,4087503,2018-09-19 13:47:03.634260,2018-09-19 14:32:26,6.420913064,45.37276232,0,0,4,1.6333333330000002,OriginalDriver,False,"Профсоюзная улица, Академический, Москва, Россия","Коньково, Москва, Россия",6.43,True,Москва,Россия,5,5,5,4,0.07400000000000001,0.0,0.0,,1055,0.0,0.0,45.37276077,5,1.0,1.0,1.0,1.0,58.8239975,23.19860814,0.0,0.473,0.0,0.8500000240000001,,100,100,100,75,92.5,0,Москва,Москва,2001-01-01 00:00:00.000000
107,1767874,E38FE138-5E07-4513-B283-B292D026EFA2,5EE3A642-0254-415C-94D0-43272864C279,4089738,2018-09-19 17:16:58.000000,2018-09-19 17:26:52,2.517058748,9.9,0,1,4,1.05,OriginalDriver,False,"Коньково, Москва, Россия","Коньково, Москва, Россия",4.449,True,Москва,Россия,4,5,5,4,0.319,0.435,0.0,,1055,0.0,0.0,9.899999618999999,4,0.800000012,1.0,1.0,0.8999999759999999,51.69599915,25.35972357,0.0,0.213,0.0,0.939999998,,100,100,100,75,92.5,0,Москва,Москва,2001-01-01 00:00:00.000000
108,1770169,AEE2A115-1294-4291-8CFE-194D1A44E3E8,5EE3A642-0254-415C-94D0-43272864C279,4097415,2018-09-20 08:23:31.000000,2018-09-20 09:24:07,13.3032035,60.6,0,0,3,2.816666667,OriginalDriver,False,"Коньково, Москва, Россия","Лужнецкая набережная 2/4 стр 1, Хамовники, Москва, Россия",14.048,True,Москва,Россия,5,5,3,4,0.7509999999999999,0.0,0.0,,1055,60.59999847,0.0,0.0,5,1.0,1.0,0.800000012,1.0,66.16799164,25.31484149,0.0,1.156,0.0,0.8199999929999999,,100,100,100,100,100.00000759999999,0,Москва,Москва,2001-01-01 00:00:00.000000
109,1771969,EE4FA853-5618-4831-BAA0-125D5F3EE896,5EE3A642-0254-415C-94D0-43272864C279,4103444,2018-09-20 16:41:43.000000,2018-09-20 16:54:17,4.212663583,12.56666667,1,0,3,2.45,OriginalDriver,False,"Лужнецкая набережная 10А стр 11, Хамовники, Москва, Россия","улица Ленинские Горы 1 стр 2А, Раменки, Москва, Россия",4.19,True,Москва,Россия,5,4,5,2,0.285,0.168,0.0,,1055,0.0,0.0,12.5666666,5,1.0,0.8999999759999999,1.0,1.0,54.43199921,26.71352032,0.0,0.86,0.0,0.560000002,,100,100,100,75,92.5,0,Москва,Москва,2001-01-01 00:00:00.000000
110,1772457,A8645922-67C2-4C11-87B4-775AB98C6660,5EE3A642-0254-415C-94D0-43272864C279,4105189,2018-09-20 18:16:42.000000,2018-09-20 18:58:35,5.065099191,41.88333333,0,0,4,0.0,OriginalDriver,False,"улица Лебедева, Раменки, Москва, Россия","Профсоюзная улица 29 корп 3, Черёмушки, Москва, Россия",5.468999999999999,True,Москва,Россия,5,5,3,5,0.303,0.08900000000000001,0.0,,1055,41.88333511,0.0,0.0,5,1.0,1.0,0.800000012,1.0,49.03199768,20.00461811,0.0,0.0,0.0,1.0,,100,100,100,75,92.5,0,Москва,Москва,2001-01-01 00:00:00.000000
111,1772893,EDB2EE27-CD92-48ED-BB83-FBB8C4E0D7A7,5EE3A642-0254-415C-94D0-43272864C279,4106671,2018-09-20 20:44:00.000000,2018-09-20 21:07:47,5.659274667,23.78333333,0,0,4,0.0,OriginalDriver,True,"Профсоюзная улица 30, Черёмушки, Москва, Россия","Коньково, Москва, Россия",5.53,True,Москва,Россия,5,5,4,5,0.0,0.0,0.0,OriginalDriver,1055,14.96666622,0.0,8.816666603,5,1.0,1.0,0.877504528,1.0,52.48799896,29.77465605,0.0,0.0,0.0,1.0,,100,100,100,50,85.00000763,0,Москва,Москва,2001-01-01 00:00:00.000000
112,1774307,94639F0E-833F-4EB7-AA6C-67167EC508C1,5EE3A642-0254-415C-94D0-43272864C279,4111547,2018-09-21 08:25:09.000000,2018-09-21 09:16:39,12.92317494,51.5,0,0,4,0.0,OriginalDriver,False,"улица Миклухо-Маклая 40 корп 1, Коньково, Москва, Россия","Лужнецкая набережная 2/4 стр 78, Хамовники, Москва, Россия",13.204,True,Москва,Россия,5,5,3,5,0.0,0.0,0.0,,1055,51.5,0.0,0.0,5,1.0,1.0,0.800000012,1.0,55.04399872,30.27478824,0.0,0.0,0.0,1.0,,100,100,100,100,100.00000759999999,0,Москва,Москва,2001-01-01 00:00:00.000000
113,1776893,882CC9D1-1DB0-4025-BCF7-5745D2E3C7CB,5EE3A642-0254-415C-94D0-43272864C279,4119872,2018-09-21 19:07:23.000000,2018-09-21 19:12:42,1.287849194,5.316666667,0,0,4,0.0,OriginalDriver,False,"Лужнецкая набережная 2/4 стр 78, Хамовники, Москва, Россия","Ленинский проспект 30А, Донской, Москва, Россия",1.786,True,Москва,Россия,5,5,3,5,0.0,0.0,0.0,,1055,5.316666603,0.0,0.0,5,1.0,1.0,0.800000012,1.0,45.287998200000004,35.16971299,0.0,0.0,0.0,1.0,,100,100,100,100,100.00000759999999,0,Москва,Москва,2001-01-01 00:00:00.000000
114,1819887,D2605BAA-A9C4-4288-8F5D-864FB6709151,5EE3A642-0254-415C-94D0-43272864C279,4122107,2018-09-21 23:11:59.000000,2018-09-21 23:25:04,4.836689783,13.08333333,0,0,5,0.0,OriginalDriver,False,"Профсоюзная улица, Черёмушки, Москва, Россия","Коньково, Москва, Россия",4.772,True,Москва,Россия,5,5,5,5,0.183,0.0,0.0,,1055,0.0,0.0,13.08333302,5,1.0,1.0,1.0,1.0,61.70399475,37.26585943,0.0,0.0,0.0,1.0,,100,100,100,75,92.5,0,Москва,Москва,2001-01-01 00:00:00.000000
115,1820942,0AE83A6A-A80B-4B9A-9A6C-37E9F244B17D,5EE3A642-0254-415C-94D0-43272864C279,4126557,2018-09-22 09:22:16.000000,2018-09-22 10:06:10,16.84422161,43.9,0,1,2,6.95,OriginalDriver,False,"Коньково, Москва, Россия","улица Маршала Тимошенко 27А, Кунцево, Москва, Россия",17.152,True,Москва,Россия,5,5,5,2,2.812,0.727,0.0,,1055,0.0,0.0,43.90000153,4,1.0,1.0,1.0,0.8999999759999999,79.70399475,44.14240754,0.0,4.525,0.0,0.46000000799999996,,100,100,100,75,92.5,0,Москва,Москва,2001-01-01 00:00:00.000000
116,1821622,D89B3B17-353E-4CAA-9561-4B889EA59BA9,5EE3A642-0254-415C-94D0-43272864C279,4129089,2018-09-22 12:17:01.000000,2018-09-22 12:54:39,15.9220851,37.63333333,0,0,3,0.95,OriginalDriver,False,"улица Маршала Тимошенко 27А, Кунцево, Москва, Россия","Профсоюзная улица 104/47, Коньково, Москва, Россия",16.042,True,Москва,Россия,3,5,5,5,3.55,1.139,0.27899999999999997,,1055,0.0,0.0,37.63333511,5,0.600000024,1.0,1.0,1.0,93.20399475,45.50589833,0.0,0.44,0.0,1.0,,0,100,100,50,25.0,0,Москва,Москва,2001-01-01 00:00:00.000000
117,1822029,22A35E49-31BC-40F0-A7EB-C85C629AC893,5EE3A642-0254-415C-94D0-43272864C279,4130571,2018-09-22 14:01:59.000000,2018-09-22 14:37:43,20.29057581,35.73333333,0,0,2,1.4,OriginalDriver,False,"Профсоюзная улица 109В стр 4, Коньково, Москва, Россия","Ватутинки посёлок 28, Ватутинки посёлок, Москва, Россия",19.756,False,Москва,Россия,2,5,5,4,7.59,2.945,1.9780000000000002,,1055,0.0,0.0,35.73333359,5,0.400000006,1.0,1.0,1.0,111.49199679999998,67.67234062,0.0,1.0,0.0,0.910000026,,0,100,100,25,17.5,0,Москва,Москва,2001-01-01 00:00:00.000000
118,1822178,0FDC07B4-532C-40C8-B2D2-0A1EA05857EC,5EE3A642-0254-415C-94D0-43272864C279,4131129,2018-09-22 14:43:22.000000,2018-09-22 15:12:17,22.12105407,28.91666667,0,1,2,4.916666667,OriginalDriver,False,"Ватутинки посёлок 28, Ватутинки посёлок, Москва, Россия","Москва, Россия",22.074,False,Москва,Россия,5,5,5,2,5.553,0.12300000000000001,0.0,,1055,0.0,0.0,28.91666603,5,1.0,1.0,1.0,1.0,96.37200165,61.23261120000001,0.0,5.4479999999999995,0.0,0.49000001,,0,100,100,0,10.0,0,Москва,Москва,2001-01-01 00:00:00.000000
119,1824650,F9E40973-FB6F-4097-B1D7-9DDC8220E71C,5EE3A642-0254-415C-94D0-43272864C279,4142114,2018-09-23 10:04:59.000000,2018-09-23 11:08:01,48.33608873,63.03333333,0,0,2,1.05,OriginalDriver,False,"Москва, Россия","Профсоюзная улица 29 корп 3, Черёмушки, Москва, Россия",48.431000000000004,False,Москва,Россия,2,5,5,5,8.514,4.861000000000001,3.6180000000000003,,1055,0.0,0.0,63.03333282,5,0.400000006,1.0,1.0,1.0,100.0799942,59.21623402,0.0,0.764,0.0,1.0,,0,100,100,0,10.0,0,Москва,Москва,2001-01-01 00:00:00.000000
120,1825102,1F4FC120-DBDF-49D6-8B46-8AB5450B93BC,5EE3A642-0254-415C-94D0-43272864C279,4143775,2018-09-23 12:51:52.000000,2018-09-23 13:07:33,5.395805898,15.68333333,0,0,5,0.46666666700000003,OriginalDriver,False,"Профсоюзная улица 38, Черёмушки, Москва, Россия","Коньково, Москва, Россия",5.316,True,Москва,Россия,5,5,5,5,0.035,0.023,0.0,,1055,0.0,0.0,15.6833334,5,1.0,1.0,1.0,1.0,59.54400253,29.29164645,0.0,0.044000000000000004,0.0,1.0,,100,100,100,0,70.0,0,Москва,Москва,2001-01-01 00:00:00.000000
121,1811498,174A6078-1406-4848-B5AA-A02E675FE6A7,5EE3A642-0254-415C-94D0-43272864C279,4148755,2018-09-23 17:35:07.000000,2018-09-23 18:21:43,21.79462185,46.6,0,1,4,1.8,OriginalDriver,False,"улица Введенского, Коньково, Москва, Россия","улица Миклухо-Маклая 40 корп 1, Коньково, Москва, Россия",22.01,False,Москва,Россия,4,5,5,4,6.324,0.447,0.23399999999999999,,1055,0.0,0.0,46.59999847,5,0.800000012,1.0,1.0,1.0,100.1879959,44.039628,0.21666666699999998,0.763,0.183,0.970000029,,0,100,100,75,32.5,0,Москва,Москва,2001-01-01 00:00:00.000000
122,1811828,F6530CF0-E808-42A4-B249-53615CB1C81D,5EE3A642-0254-415C-94D0-43272864C279,4150282,2018-09-23 21:08:24.000000,2018-09-23 21:16:07,1.010554021,7.716666667,0,0,5,0.0,OriginalDriver,False,"улица Миклухо-Маклая 40 корп 1, Коньково, Москва, Россия","улица Миклухо-Маклая 40 корп 1, Коньково, Москва, Россия",1.966,True,Москва,Россия,5,5,5,5,0.0,0.0,0.0,,1055,0.0,0.0,7.716666697999999,5,1.0,1.0,1.0,1.0,47.84399796,25.62524941,0.0,0.0,0.0,1.0,,100,100,100,75,92.5,0,Москва,Москва,2001-01-01 00:00:00.000000
123,1814726,0882B098-48EC-43D3-9BC2-627B12B20104,5EE3A642-0254-415C-94D0-43272864C279,4159832,2018-09-24 08:38:25.000000,2018-09-24 09:15:02,8.817082851,36.61666667,0,0,4,0.6333333329999999,OriginalDriver,False,"улица Миклухо-Маклая 40 корп 1, Коньково, Москва, Россия","улица Ленинские Горы 1 стр 2, Раменки, Москва, Россия",9.504,True,Москва,Россия,5,5,3,5,0.368,0.0,0.0,,1055,36.61666489,0.0,0.0,5,1.0,1.0,0.800000012,1.0,63.86399841,29.77012042,0.0,0.192,0.0,1.0,,100,100,100,100,100.00000759999999,0,Москва,Москва,2001-01-01 00:00:00.000000
124,1814792,365F9AE3-72EC-43BD-8F18-16AA215AB1F0,5EE3A642-0254-415C-94D0-43272864C279,4160057,2018-09-24 15:50:01.000000,2018-09-24 16:05:07,5.306386705,15.1,0,1,3,1.4166666669999999,OriginalDriver,False,"улица Ленинские Горы 1 стр 2, Раменки, Москва, Россия","Лужнецкая набережная 10А стр 18, Хамовники, Москва, Россия",5.247999999999999,True,Москва,Россия,4,5,5,3,0.925,0.105,0.151,,1055,0.0,0.0,15.10000038,4,0.800000012,1.0,1.0,0.8999999759999999,65.59199524,35.99580362,0.0,0.9840000000000001,0.0,0.600000024,,100,100,100,100,100.00000759999999,0,Москва,Москва,2001-01-01 00:00:00.000000
125,1815795,10BACCEF-1BB8-4B6C-A179-57C1BACB1B4F,5EE3A642-0254-415C-94D0-43272864C279,4163324,2018-09-24 19:52:06.000000,2018-09-24 20:17:01,6.1165210089999995,24.91666667,0,0,3,3.316666667,OriginalDriver,False,"Лужнецкая набережная 10А стр 18, Хамовники, Москва, Россия","Калужская площадь 1 стр 5, Якиманка, Москва, Россия",6.5120000000000005,True,Москва,Россия,5,5,3,3,0.132,0.0,0.0,,1055,24.91666603,0.0,0.0,5,1.0,1.0,0.800000012,1.0,51.33599854,20.99388893,0.0,1.088,0.0,0.639999986,,100,100,100,75,92.5,0,Москва,Москва,2001-01-01 00:00:00.000000
126,1816067,FC7DB995-F038-4624-85C7-E66E46EDC189,5EE3A642-0254-415C-94D0-43272864C279,4164557,2018-09-24 22:12:53.000000,2018-09-24 22:47:16,12.87731792,34.38333333,0,0,5,0.0,OriginalDriver,False,"Калужская площадь 1 стр 5, Якиманка, Москва, Россия","улица Островитянова 53 корп 3, Коньково, Москва, Россия",14.639000000000001,True,Москва,Россия,5,5,5,5,2.21,0.0,0.0,,1055,0.0,0.0,34.38333511,5,1.0,1.0,1.0,1.0,69.08399963,37.58077607,0.0,0.0,0.0,1.0,,100,100,100,50,85.00000763,0,Москва,Москва,2001-01-01 00:00:00.000000
127,1817487,B9C91125-5DBA-485E-B2C4-405FCFAF1B02,5EE3A642-0254-415C-94D0-43272864C279,4168912,2018-09-25 08:34:05.000000,2018-09-25 09:41:40,12.42271918,67.58333333,0,0,4,0.083333333,OriginalDriver,False,"улица Островитянова 53 корп 3, Коньково, Москва, Россия","Лужнецкая набережная 2/4 стр 17, Хамовники, Москва, Россия",13.3,True,Москва,Россия,5,5,3,5,0.0,0.0,0.0,,1055,67.58333588,0.0,0.0,5,1.0,1.0,0.800000012,1.0,52.23600006,27.35091921,0.0,0.011000000000000001,0.0,1.0,,100,100,100,100,100.00000759999999,0,Москва,Москва,2001-01-01 00:00:00.000000
128,1819131,9599AF2B-BF0E-4316-B579-E79E33C51DE7,5EE3A642-0254-415C-94D0-43272864C279,4174213,2018-09-25 15:59:34.000000,2018-09-25 16:21:13,4.952163141000001,21.65,0,0,3,2.583333333,OriginalDriver,False,"Лужнецкая набережная 2/4 стр 17, Хамовники, Москва, Россия","Ленинский проспект 88 корп 3, Ломоносовский, Москва, Россия",7.233,True,Москва,Россия,5,5,5,3,0.067,0.0,0.0,,1055,0.0,0.0,21.64999962,5,1.0,1.0,1.0,1.0,52.48799896,29.21399915,0.0,1.254,0.0,0.620000005,,100,100,100,75,92.5,0,Москва,Москва,2001-01-01 00:00:00.000000
129,1819156,CD239FEF-C2C1-45DE-8297-84EEDD174A04,5EE3A642-0254-415C-94D0-43272864C279,4174278,2018-09-25 16:09:19.000000,2018-09-25 16:21:19,3.558867181,12.0,0,0,2,1.133333333,OriginalDriver,False,"Ленинский проспект 52, Гагаринский, Москва, Россия","Ленинский проспект 88 корп 3, Ломоносовский, Москва, Россия",3.5069999999999997,True,Москва,Россия,5,5,5,2,0.042,0.0,0.0,,1055,0.0,0.0,12.0,5,1.0,1.0,1.0,1.0,52.48799896,30.91293651,0.0,0.868,0.0,0.49000001,,100,100,100,75,92.5,0,Москва,Москва,2001-01-01 00:00:00.000000
130,1819595,5875F2BF-24BB-42A3-B096-6A93BE097A10,5EE3A642-0254-415C-94D0-43272864C279,4175706,2018-09-25 18:13:03.000000,2018-09-25 18:27:37,2.05778295,14.56666667,0,0,4,0.0,OriginalDriver,False,"Ленинский проспект 88 корп 3, Ломоносовский, Москва, Россия","Ленинский проспект, Проспект Вернадского, Москва, Россия",2.417,True,Москва,Россия,5,5,3,5,0.0,0.0,0.0,,1055,14.5666666,0.0,0.0,5,1.0,1.0,0.800000012,1.0,48.88799667,24.43550898,0.0,0.0,0.0,1.0,,100,100,100,50,85.00000763,0,Москва,Москва,2001-01-01 00:00:00.000000
131,1825837,D6CDB029-740C-42E8-AA1F-DAD437D85D33,5EE3A642-0254-415C-94D0-43272864C279,4177763,2018-09-25 18:32:59.000000,2018-09-25 19:37:32,14.33002465,64.55,1,0,3,3.316666667,OriginalDriver,False,"Ленинский проспект, Проспект Вернадского, Москва, Россия","Кантемировская улица 12 корп 1, Москворечье-Сабурово, Москва, Россия",14.997,True,Москва,Россия,4,4,3,4,0.305,0.11800000000000001,0.161,,1055,64.55000305,0.0,0.0,5,0.800000012,0.8999999759999999,0.800000012,1.0,68.93999481,25.70364704,0.0,0.977,0.0,0.879999995,,100,100,100,25,77.50000763,0,Москва,Москва,2001-01-01 00:00:00.000000
132,1826167,60B1D6D5-2F24-42EC-9450-A21EBE5AF116,5EE3A642-0254-415C-94D0-43272864C279,4177957,2018-09-25 21:29:35.000000,2018-09-25 21:57:47,12.56376384,28.2,0,0,5,0.0,OriginalDriver,False,"Кантемировская улица 12 корп 1, Москворечье-Сабурово, Москва, Россия","улица Миклухо-Маклая 40 корп 1, Коньково, Москва, Россия",12.786,True,Москва,Россия,5,5,5,5,2.43,0.0,0.0,,1055,0.0,0.0,28.20000076,5,1.0,1.0,1.0,1.0,70.59600067,46.16188894,0.0,0.0,0.0,1.0,,100,100,100,25,77.50000763,0,Москва,Москва,2001-01-01 00:00:00.000000
133,1827772,59CF6501-184F-40D5-A72B-AC712D1833AE,5EE3A642-0254-415C-94D0-43272864C279,4184655,2018-09-26 09:47:56.000000,2018-09-26 10:25:59,7.686922643,38.05,0,0,4,0.9833333329999999,OriginalDriver,False,"улица Миклухо-Маклая 40 корп 1, Коньково, Москва, Россия","проспект Вернадского, Проспект Вернадского, Москва, Россия",8.158999999999999,True,Москва,Россия,5,5,3,5,0.988,0.0,0.0,,1055,38.04999924,0.0,0.0,5,1.0,1.0,0.800000012,1.0,65.52000427,25.1839747,0.0,0.157,0.0,1.0,,100,100,100,100,100.00000759999999,0,Москва,Москва,2001-01-01 00:00:00.000000
134,1827794,B015E3C9-7E2B-4CCD-B0F9-FD8D87EDD07C,5EE3A642-0254-415C-94D0-43272864C279,4184703,2018-09-26 09:51:14.000000,2018-09-26 10:31:59,9.823054786,40.75,0,0,3,1.133333333,OriginalDriver,False,"улица Введенского, Коньково, Москва, Россия","проспект Вернадского, Гагаринский, Москва, Россия",9.775,True,Москва,Россия,5,5,3,4,0.733,0.0,0.0,,1055,40.75,0.0,0.0,5,1.0,1.0,0.800000012,1.0,65.52000427,25.78479527,0.0,0.314,0.0,0.970000029,,100,100,100,75,92.5,0,Москва,Москва,2001-01-01 00:00:00.000000
135,1827810,0B38C470-5C11-475C-86A5-336BF35DDC06,5EE3A642-0254-415C-94D0-43272864C279,4184770,2018-09-26 10:26:32.000000,2018-09-26 10:34:33,2.9700604580000003,8.016666667,0,0,4,0.2,OriginalDriver,False,"проспект Вернадского, Проспект Вернадского, Москва, Россия","улица Ленинские Горы 1 стр 2, Раменки, Москва, Россия",2.98,True,Москва,Россия,5,5,3,5,0.88,0.0,0.0,,1055,8.016666412000001,0.0,0.0,5,1.0,1.0,0.800000012,1.0,64.76399994,34.11446346,0.0,0.061,0.0,1.0,,100,100,100,75,92.5,0,Москва,Москва,2001-01-01 00:00:00.000000
136,1827838,DF055A0F-B71C-4F34-8B85-0836C5CD2404,5EE3A642-0254-415C-94D0-43272864C279,4184849,2018-09-26 10:32:31.000000,2018-09-26 10:38:05,0.7398646320000001,5.566666667000001,0,0,2,0.833333333,OriginalDriver,False,"Ломоносовский проспект 20, Раменки, Москва, Россия","улица Ленинские Горы 1 стр 2А, Раменки, Москва, Россия",0.598,True,Москва,Россия,5,5,3,2,0.0,0.0,0.0,,1055,5.566666603,0.0,0.0,5,1.0,1.0,0.800000012,1.0,60.15599442,14.62673344,0.0,0.124,0.0,0.560000002,,100,100,100,75,92.5,0,Москва,Москва,2001-01-01 00:00:00.000000
137,1828519,322DF4B0-C87B-46DD-A88F-BFA368D6C368,5EE3A642-0254-415C-94D0-43272864C279,4187463,2018-09-26 13:04:14.000000,2018-09-26 13:24:05,5.931200362999999,19.85,0,0,3,0.0,OriginalDriver,True,"улица Ленинские Горы 1 стр 2А, Раменки, Москва, Россия","Лужнецкая набережная 2/4 стр 17, Хамовники, Москва, Россия",6.479,True,Москва,Россия,3,5,5,5,2.131,0.307,0.231,OriginalDriver,1055,0.0,0.0,19.85000038,5,0.600000024,1.0,1.0,1.0,73.36799622,33.50747969,0.0,0.0,0.0,1.0,,100,100,100,50,85.00000763,0,Москва,Москва,2001-01-01 00:00:00.000000
138,1830042,FAC16CEC-819C-436D-99FD-538FDF28023B,5EE3A642-0254-415C-94D0-43272864C279,4193658,2018-09-26 17:05:43.000000,2018-09-26 18:01:24,15.98977253,55.68333333,0,0,5,0.5166666670000001,OriginalDriver,False,"Лужнецкая набережная 2/4 стр 17, Хамовники, Москва, Россия","Соловьиный проезд 20, Ясенево, Москва, Россия",17.128,True,Москва,Россия,5,5,5,5,2.553,0.0,0.0,,1055,6.9499998089999995,0.0,48.73333359,5,1.0,1.0,1.0,1.0,75.27600098,31.74251959,0.0,0.39399999999999996,0.0,1.0,,100,100,100,25,77.50000763,0,Москва,Москва,2001-01-01 00:00:00.000000
139,1830105,79AD9141-66A5-4520-A7C3-7B3D3FB78F7D,5EE3A642-0254-415C-94D0-43272864C279,4193573,2018-09-26 19:39:00.000000,2018-09-26 20:00:50,5.454599025,21.83333333,0,0,4,0.3,OriginalDriver,False,"Соловьиный проезд 20, Ясенево, Москва, Россия","улица Миклухо-Маклая 40 корп 1, Коньково, Москва, Россия",6.159,True,Москва,Россия,5,5,3,5,0.644,0.17,0.0,,1055,21.83333397,0.0,0.0,5,1.0,1.0,0.800000012,1.0,62.27999496,38.92192461,0.0,0.022000000000000002,0.0,1.0,,100,100,100,25,77.50000763,0,Москва,Москва,2001-01-01 00:00:00.000000
140,1831600,F4528453-47DE-4A20-82D1-3CC47B5DDC33,5EE3A642-0254-415C-94D0-43272864C279,4198643,2018-09-27 08:22:56.000000,2018-09-27 08:57:34,7.087438016,34.63333333,0,0,4,0.0,OriginalDriver,False,"улица Миклухо-Маклая 40 корп 1, Коньково, Москва, Россия","проспект 60 лет Октября 29, Академический, Москва, Россия",7.452000000000001,True,Москва,Россия,5,5,3,5,0.204,0.0,0.0,,1055,34.63333511,0.0,0.0,5,1.0,1.0,0.800000012,1.0,61.63199997,26.99999929,0.0,0.0,0.0,1.0,,100,100,100,100,100.00000759999999,0,Москва,Москва,2001-01-01 00:00:00.000000
141,1831719,1B591841-4A36-4997-A05A-CBC5BF4B7320,5EE3A642-0254-415C-94D0-43272864C279,4199107,2018-09-27 08:57:34.000000,2018-09-27 09:18:55,5.181612342,21.35,1,0,1,3.616666667,OriginalDriver,False,"проспект 60 лет Октября 29, Академический, Москва, Россия","Лужнецкая набережная 2/4 стр 59, Хамовники, Москва, Россия",5.563,True,Москва,Россия,3,4,3,1,0.41200000000000003,0.28800000000000003,0.267,,1055,21.35000038,0.0,0.0,5,0.600000024,0.8999999759999999,0.800000012,1.0,69.12000275,31.83743309,0.4,2.436,0.414,0.27000001100000004,,100,100,100,100,100.00000759999999,0,Москва,Москва,2001-01-01 00:00:00.000000
